﻿{"domains":[{"Properties":{"highvalue":true,"name":"HTB.LOCAL","domain":"HTB.LOCAL","objectid":"S-1-5-21-2648318136-3688571242-2924127574","distinguishedname":"DC=HTB,DC=LOCAL","description":null,"functionallevel":"2012 R2"},"Users":["S-1-5-21-2648318136-3688571242-2924127574-500","S-1-5-21-2648318136-3688571242-2924127574-501","S-1-5-21-2648318136-3688571242-2924127574-502","S-1-5-21-2648318136-3688571242-2924127574-1105","S-1-5-21-2648318136-3688571242-2924127574-1107","S-1-5-21-2648318136-3688571242-2924127574-1124","S-1-5-21-2648318136-3688571242-2924127574-1125","S-1-5-21-2648318136-3688571242-2924127574-1126","S-1-5-21-2648318136-3688571242-2924127574-1127","S-1-5-21-2648318136-3688571242-2924127574-1130","S-1-5-21-2648318136-3688571242-2924127574-1131","S-1-5-21-2648318136-3688571242-2924127574-1132","S-1-5-21-2648318136-3688571242-2924127574-1133","S-1-5-21-2648318136-3688571242-2924127574-1136","S-1-5-21-2648318136-3688571242-2924127574-1140","S-1-5-21-2648318136-3688571242-2924127574-1141","S-1-5-21-2648318136-3688571242-2924127574-1602"],"Computers":[],"ChildOus":["C1052427-58B7-49B3-8E52-694D7D576A77","8BBAEF33-C811-44B1-9C53-848F9C61C23F","36DD53D2-C3B5-4352-B1C8-C8A770C1B7E6","491D233E-F2F0-4129-930B-0C491582489E"],"Trusts":[],"Links":[{"IsEnforced":false,"Guid":"663CC319-0681-4056-A4DA-ECF2D0B4DD41"}],"RemoteDesktopUsers":[],"LocalAdmins":[],"DcomUsers":[],"PSRemoteUsers":[],"ObjectIdentifier":"S-1-5-21-2648318136-3688571242-2924127574","Aces":[{"PrincipalSID":"HTB.LOCAL-S-1-5-32-544","PrincipalType":"Group","RightName":"Owner","AceType":"","IsInherited":false},{"PrincipalSID":"HTB.LOCAL-S-1-5-32-544","PrincipalType":"Group","RightName":"WriteDacl","AceType":"","IsInherited":false},{"PrincipalSID":"HTB.LOCAL-S-1-5-32-544","PrincipalType":"Group","RightName":"WriteOwner","AceType":"","IsInherited":false},{"PrincipalSID":"HTB.LOCAL-S-1-5-32-544","PrincipalType":"Group","RightName":"ExtendedRight","AceType":"All","IsInherited":false},{"PrincipalSID":"S-1-5-21-2648318136-3688571242-2924127574-512","PrincipalType":"Group","RightName":"WriteDacl","AceType":"","IsInherited":false},{"PrincipalSID":"S-1-5-21-2648318136-3688571242-2924127574-512","PrincipalType":"Group","RightName":"WriteOwner","AceType":"","IsInherited":false},{"PrincipalSID":"S-1-5-21-2648318136-3688571242-2924127574-512","PrincipalType":"Group","RightName":"ExtendedRight","AceType":"All","IsInherited":false},{"PrincipalSID":"S-1-5-21-2648318136-3688571242-2924127574-519","PrincipalType":"Group","RightName":"GenericAll","AceType":"","IsInherited":false},{"PrincipalSID":"HTB.LOCAL-S-1-5-9","PrincipalType":"Group","RightName":"ExtendedRight","AceType":"GetChanges","IsInherited":false},{"PrincipalSID":"HTB.LOCAL-S-1-5-32-544","PrincipalType":"Group","RightName":"ExtendedRight","AceType":"GetChanges","IsInherited":false},{"PrincipalSID":"HTB.LOCAL-S-1-5-32-544","PrincipalType":"Group","RightName":"ExtendedRight","AceType":"GetChangesAll","IsInherited":false},{"PrincipalSID":"S-1-5-21-2648318136-3688571242-2924127574-498","PrincipalType":"Group","RightName":"ExtendedRight","AceType":"GetChanges","IsInherited":false},{"PrincipalSID":"S-1-5-21-2648318136-3688571242-2924127574-516","PrincipalType":"Group","RightName":"ExtendedRight","AceType":"GetChangesAll","IsInherited":false},{"PrincipalSID":"S-1-5-21-2648318136-3688571242-2924127574-1121","PrincipalType":"Unknown","RightName":"WriteDacl","AceType":"","IsInherited":false},{"PrincipalSID":"S-1-5-21-2648318136-3688571242-2924127574-1121","PrincipalType":"Unknown","RightName":"WriteDacl","AceType":"","IsInherited":false}]}],"meta":{"count":1,"type":"domains","version":3}}