﻿{"users":[{"Properties":{"highvalue":false,"name":"ADMINISTRATOR@HTB.LOCAL","domain":"HTB.LOCAL","objectid":"S-1-5-21-2648318136-3688571242-2924127574-500","distinguishedname":"CN=Administrator,CN=Users,DC=HTB,DC=LOCAL","description":"Built-in account for administering the computer/domain","dontreqpreauth":false,"passwordnotreqd":false,"unconstraineddelegation":false,"sensitive":false,"enabled":true,"pwdneverexpires":true,"lastlogon":1528743956,"lastlogontimestamp":1528559010,"pwdlastset":1508876410,"serviceprincipalnames":[],"hasspn":false,"displayname":"Administrator","email":null,"title":null,"homedirectory":null,"userpassword":null,"admincount":true,"sidhistory":[]},"AllowedToDelegate":[],"SPNTargets":[],"PrimaryGroupSid":"S-1-5-21-2648318136-3688571242-2924127574-513","HasSIDHistory":[],"ObjectIdentifier":"S-1-5-21-2648318136-3688571242-2924127574-500","Aces":[{"PrincipalSID":"S-1-5-21-2648318136-3688571242-2924127574-512","PrincipalType":"Group","RightName":"Owner","AceType":"","IsInherited":false},{"PrincipalSID":"HTB.LOCAL-S-1-5-32-544","PrincipalType":"Group","RightName":"WriteDacl","AceType":"","IsInherited":false},{"PrincipalSID":"HTB.LOCAL-S-1-5-32-544","PrincipalType":"Group","RightName":"WriteOwner","AceType":"","IsInherited":false},{"PrincipalSID":"HTB.LOCAL-S-1-5-32-544","PrincipalType":"Group","RightName":"ExtendedRight","AceType":"All","IsInherited":false},{"PrincipalSID":"HTB.LOCAL-S-1-5-32-544","PrincipalType":"Group","RightName":"GenericWrite","AceType":"","IsInherited":false},{"PrincipalSID":"S-1-5-21-2648318136-3688571242-2924127574-512","PrincipalType":"Group","RightName":"WriteDacl","AceType":"","IsInherited":false},{"PrincipalSID":"S-1-5-21-2648318136-3688571242-2924127574-512","PrincipalType":"Group","RightName":"WriteOwner","AceType":"","IsInherited":false},{"PrincipalSID":"S-1-5-21-2648318136-3688571242-2924127574-512","PrincipalType":"Group","RightName":"ExtendedRight","AceType":"All","IsInherited":false},{"PrincipalSID":"S-1-5-21-2648318136-3688571242-2924127574-512","PrincipalType":"Group","RightName":"GenericWrite","AceType":"","IsInherited":false},{"PrincipalSID":"S-1-5-21-2648318136-3688571242-2924127574-519","PrincipalType":"Group","RightName":"WriteDacl","AceType":"","IsInherited":false},{"PrincipalSID":"S-1-5-21-2648318136-3688571242-2924127574-519","PrincipalType":"Group","RightName":"WriteOwner","AceType":"","IsInherited":false},{"PrincipalSID":"S-1-5-21-2648318136-3688571242-2924127574-519","PrincipalType":"Group","RightName":"ExtendedRight","AceType":"All","IsInherited":false},{"PrincipalSID":"S-1-5-21-2648318136-3688571242-2924127574-519","PrincipalType":"Group","RightName":"GenericWrite","AceType":"","IsInherited":false}]},{"Properties":{"highvalue":false,"name":"NICO@HTB.LOCAL","domain":"HTB.LOCAL","objectid":"S-1-5-21-2648318136-3688571242-2924127574-1105","distinguishedname":"CN=Nico Romano,CN=Users,DC=HTB,DC=LOCAL","description":null,"dontreqpreauth":false,"passwordnotreqd":false,"unconstraineddelegation":false,"sensitive":false,"enabled":true,"pwdneverexpires":true,"lastlogon":1588528672,"lastlogontimestamp":1588528672,"pwdlastset":1508962332,"serviceprincipalnames":[],"hasspn":false,"displayname":"Nico Romano","email":null,"title":null,"homedirectory":null,"userpassword":null,"admincount":true,"sidhistory":[]},"AllowedToDelegate":[],"SPNTargets":[],"PrimaryGroupSid":"S-1-5-21-2648318136-3688571242-2924127574-513","HasSIDHistory":[],"ObjectIdentifier":"S-1-5-21-2648318136-3688571242-2924127574-1105","Aces":[{"PrincipalSID":"S-1-5-21-2648318136-3688571242-2924127574-512","PrincipalType":"Group","RightName":"Owner","AceType":"","IsInherited":false},{"PrincipalSID":"HTB.LOCAL-S-1-5-32-544","PrincipalType":"Group","RightName":"WriteDacl","AceType":"","IsInherited":false},{"PrincipalSID":"HTB.LOCAL-S-1-5-32-544","PrincipalType":"Group","RightName":"WriteOwner","AceType":"","IsInherited":false},{"PrincipalSID":"HTB.LOCAL-S-1-5-32-544","PrincipalType":"Group","RightName":"ExtendedRight","AceType":"All","IsInherited":false},{"PrincipalSID":"HTB.LOCAL-S-1-5-32-544","PrincipalType":"Group","RightName":"GenericWrite","AceType":"","IsInherited":false},{"PrincipalSID":"S-1-5-21-2648318136-3688571242-2924127574-512","PrincipalType":"Group","RightName":"WriteDacl","AceType":"","IsInherited":false},{"PrincipalSID":"S-1-5-21-2648318136-3688571242-2924127574-512","PrincipalType":"Group","RightName":"WriteOwner","AceType":"","IsInherited":false},{"PrincipalSID":"S-1-5-21-2648318136-3688571242-2924127574-512","PrincipalType":"Group","RightName":"ExtendedRight","AceType":"All","IsInherited":false},{"PrincipalSID":"S-1-5-21-2648318136-3688571242-2924127574-512","PrincipalType":"Group","RightName":"GenericWrite","AceType":"","IsInherited":false},{"PrincipalSID":"S-1-5-21-2648318136-3688571242-2924127574-519","PrincipalType":"Group","RightName":"WriteDacl","AceType":"","IsInherited":false},{"PrincipalSID":"S-1-5-21-2648318136-3688571242-2924127574-519","PrincipalType":"Group","RightName":"WriteOwner","AceType":"","IsInherited":false},{"PrincipalSID":"S-1-5-21-2648318136-3688571242-2924127574-519","PrincipalType":"Group","RightName":"ExtendedRight","AceType":"All","IsInherited":false},{"PrincipalSID":"S-1-5-21-2648318136-3688571242-2924127574-519","PrincipalType":"Group","RightName":"GenericWrite","AceType":"","IsInherited":false}]},{"Properties":{"highvalue":false,"name":"KRBTGT@HTB.LOCAL","domain":"HTB.LOCAL","objectid":"S-1-5-21-2648318136-3688571242-2924127574-502","distinguishedname":"CN=krbtgt,CN=Users,DC=HTB,DC=LOCAL","description":"Key Distribution Center Service Account","dontreqpreauth":false,"passwordnotreqd":false,"unconstraineddelegation":false,"sensitive":false,"enabled":false,"pwdneverexpires":false,"lastlogon":-1,"lastlogontimestamp":-1,"pwdlastset":1508877553,"serviceprincipalnames":["kadmin/changepw"],"hasspn":true,"displayname":null,"email":null,"title":null,"homedirectory":null,"userpassword":null,"admincount":true,"sidhistory":[]},"AllowedToDelegate":[],"SPNTargets":[],"PrimaryGroupSid":"S-1-5-21-2648318136-3688571242-2924127574-513","HasSIDHistory":[],"ObjectIdentifier":"S-1-5-21-2648318136-3688571242-2924127574-502","Aces":[{"PrincipalSID":"S-1-5-21-2648318136-3688571242-2924127574-512","PrincipalType":"Group","RightName":"Owner","AceType":"","IsInherited":false},{"PrincipalSID":"HTB.LOCAL-S-1-5-32-544","PrincipalType":"Group","RightName":"WriteDacl","AceType":"","IsInherited":false},{"PrincipalSID":"HTB.LOCAL-S-1-5-32-544","PrincipalType":"Group","RightName":"WriteOwner","AceType":"","IsInherited":false},{"PrincipalSID":"HTB.LOCAL-S-1-5-32-544","PrincipalType":"Group","RightName":"ExtendedRight","AceType":"All","IsInherited":false},{"PrincipalSID":"HTB.LOCAL-S-1-5-32-544","PrincipalType":"Group","RightName":"GenericWrite","AceType":"","IsInherited":false},{"PrincipalSID":"S-1-5-21-2648318136-3688571242-2924127574-512","PrincipalType":"Group","RightName":"WriteDacl","AceType":"","IsInherited":false},{"PrincipalSID":"S-1-5-21-2648318136-3688571242-2924127574-512","PrincipalType":"Group","RightName":"WriteOwner","AceType":"","IsInherited":false},{"PrincipalSID":"S-1-5-21-2648318136-3688571242-2924127574-512","PrincipalType":"Group","RightName":"ExtendedRight","AceType":"All","IsInherited":false},{"PrincipalSID":"S-1-5-21-2648318136-3688571242-2924127574-512","PrincipalType":"Group","RightName":"GenericWrite","AceType":"","IsInherited":false},{"PrincipalSID":"S-1-5-21-2648318136-3688571242-2924127574-519","PrincipalType":"Group","RightName":"WriteDacl","AceType":"","IsInherited":false},{"PrincipalSID":"S-1-5-21-2648318136-3688571242-2924127574-519","PrincipalType":"Group","RightName":"WriteOwner","AceType":"","IsInherited":false},{"PrincipalSID":"S-1-5-21-2648318136-3688571242-2924127574-519","PrincipalType":"Group","RightName":"ExtendedRight","AceType":"All","IsInherited":false},{"PrincipalSID":"S-1-5-21-2648318136-3688571242-2924127574-519","PrincipalType":"Group","RightName":"GenericWrite","AceType":"","IsInherited":false}]},{"Properties":{"highvalue":false,"name":"TOM@HTB.LOCAL","domain":"HTB.LOCAL","objectid":"S-1-5-21-2648318136-3688571242-2924127574-1107","distinguishedname":"CN=Tom Hanson,CN=Users,DC=HTB,DC=LOCAL","description":null,"dontreqpreauth":false,"passwordnotreqd":false,"unconstraineddelegation":false,"sensitive":false,"enabled":true,"pwdneverexpires":true,"lastlogon":1588547914,"lastlogontimestamp":1588547914,"pwdlastset":1509145842,"serviceprincipalnames":[],"hasspn":false,"displayname":"Tom Hanson","email":null,"title":null,"homedirectory":null,"userpassword":null,"admincount":true,"sidhistory":[]},"AllowedToDelegate":[],"SPNTargets":[],"PrimaryGroupSid":"S-1-5-21-2648318136-3688571242-2924127574-513","HasSIDHistory":[],"ObjectIdentifier":"S-1-5-21-2648318136-3688571242-2924127574-1107","Aces":[{"PrincipalSID":"S-1-5-21-2648318136-3688571242-2924127574-512","PrincipalType":"Group","RightName":"Owner","AceType":"","IsInherited":false},{"PrincipalSID":"HTB.LOCAL-S-1-5-32-544","PrincipalType":"Group","RightName":"WriteDacl","AceType":"","IsInherited":false},{"PrincipalSID":"HTB.LOCAL-S-1-5-32-544","PrincipalType":"Group","RightName":"WriteOwner","AceType":"","IsInherited":false},{"PrincipalSID":"HTB.LOCAL-S-1-5-32-544","PrincipalType":"Group","RightName":"ExtendedRight","AceType":"All","IsInherited":false},{"PrincipalSID":"HTB.LOCAL-S-1-5-32-544","PrincipalType":"Group","RightName":"GenericWrite","AceType":"","IsInherited":false},{"PrincipalSID":"S-1-5-21-2648318136-3688571242-2924127574-512","PrincipalType":"Group","RightName":"WriteDacl","AceType":"","IsInherited":false},{"PrincipalSID":"S-1-5-21-2648318136-3688571242-2924127574-512","PrincipalType":"Group","RightName":"WriteOwner","AceType":"","IsInherited":false},{"PrincipalSID":"S-1-5-21-2648318136-3688571242-2924127574-512","PrincipalType":"Group","RightName":"ExtendedRight","AceType":"All","IsInherited":false},{"PrincipalSID":"S-1-5-21-2648318136-3688571242-2924127574-512","PrincipalType":"Group","RightName":"GenericWrite","AceType":"","IsInherited":false},{"PrincipalSID":"S-1-5-21-2648318136-3688571242-2924127574-519","PrincipalType":"Group","RightName":"WriteDacl","AceType":"","IsInherited":false},{"PrincipalSID":"S-1-5-21-2648318136-3688571242-2924127574-519","PrincipalType":"Group","RightName":"WriteOwner","AceType":"","IsInherited":false},{"PrincipalSID":"S-1-5-21-2648318136-3688571242-2924127574-519","PrincipalType":"Group","RightName":"ExtendedRight","AceType":"All","IsInherited":false},{"PrincipalSID":"S-1-5-21-2648318136-3688571242-2924127574-519","PrincipalType":"Group","RightName":"GenericWrite","AceType":"","IsInherited":false}]},{"Properties":{"highvalue":false,"name":"SM_139A5EB6AB994638A@HTB.LOCAL","domain":"HTB.LOCAL","objectid":"S-1-5-21-2648318136-3688571242-2924127574-1126","distinguishedname":"CN=DiscoverySearchMailbox {D919BA05-46A6-415f-80AD-7E09334BB852},CN=Users,DC=HTB,DC=LOCAL","description":null,"dontreqpreauth":false,"passwordnotreqd":false,"unconstraineddelegation":false,"sensitive":false,"enabled":true,"pwdneverexpires":false,"lastlogon":-1,"lastlogontimestamp":-1,"pwdlastset":-1,"serviceprincipalnames":[],"hasspn":false,"displayname":"Discovery Search Mailbox","email":null,"title":null,"homedirectory":null,"userpassword":null,"admincount":false,"sidhistory":[]},"AllowedToDelegate":[],"SPNTargets":[],"PrimaryGroupSid":"S-1-5-21-2648318136-3688571242-2924127574-513","HasSIDHistory":[],"ObjectIdentifier":"S-1-5-21-2648318136-3688571242-2924127574-1126","Aces":[{"PrincipalSID":"S-1-5-21-2648318136-3688571242-2924127574-512","PrincipalType":"Group","RightName":"Owner","AceType":"","IsInherited":false},{"PrincipalSID":"HTB.LOCAL-S-1-5-32-548","PrincipalType":"Group","RightName":"GenericAll","AceType":"","IsInherited":false},{"PrincipalSID":"S-1-5-21-2648318136-3688571242-2924127574-512","PrincipalType":"Group","RightName":"GenericAll","AceType":"","IsInherited":false},{"PrincipalSID":"S-1-5-21-2648318136-3688571242-2924127574-1108","PrincipalType":"Unknown","RightName":"GenericAll","AceType":"","IsInherited":false},{"PrincipalSID":"S-1-5-21-2648318136-3688571242-2924127574-1121","PrincipalType":"Unknown","RightName":"ExtendedRight","AceType":"User-Force-Change-Password","IsInherited":true},{"PrincipalSID":"S-1-5-21-2648318136-3688571242-2924127574-1121","PrincipalType":"Unknown","RightName":"WriteDacl","AceType":"","IsInherited":true},{"PrincipalSID":"S-1-5-21-2648318136-3688571242-2924127574-519","PrincipalType":"Group","RightName":"GenericAll","AceType":"","IsInherited":true},{"PrincipalSID":"HTB.LOCAL-S-1-5-32-544","PrincipalType":"Group","RightName":"WriteDacl","AceType":"","IsInherited":true},{"PrincipalSID":"HTB.LOCAL-S-1-5-32-544","PrincipalType":"Group","RightName":"WriteOwner","AceType":"","IsInherited":true},{"PrincipalSID":"HTB.LOCAL-S-1-5-32-544","PrincipalType":"Group","RightName":"ExtendedRight","AceType":"All","IsInherited":true},{"PrincipalSID":"HTB.LOCAL-S-1-5-32-544","PrincipalType":"Group","RightName":"GenericWrite","AceType":"","IsInherited":true}]},{"Properties":{"highvalue":false,"name":"SM_8257963A642B41BB9@HTB.LOCAL","domain":"HTB.LOCAL","objectid":"S-1-5-21-2648318136-3688571242-2924127574-1127","distinguishedname":"CN=FederatedEmail.4c1f4d8b-8179-4148-93bf-00a95fa1e042,CN=Users,DC=HTB,DC=LOCAL","description":null,"dontreqpreauth":false,"passwordnotreqd":false,"unconstraineddelegation":false,"sensitive":false,"enabled":true,"pwdneverexpires":false,"lastlogon":-1,"lastlogontimestamp":-1,"pwdlastset":-1,"serviceprincipalnames":[],"hasspn":false,"displayname":"Microsoft Exchange Approval Assistant","email":null,"title":null,"homedirectory":null,"userpassword":null,"admincount":false,"sidhistory":[]},"AllowedToDelegate":[],"SPNTargets":[],"PrimaryGroupSid":"S-1-5-21-2648318136-3688571242-2924127574-513","HasSIDHistory":[],"ObjectIdentifier":"S-1-5-21-2648318136-3688571242-2924127574-1127","Aces":[{"PrincipalSID":"S-1-5-21-2648318136-3688571242-2924127574-512","PrincipalType":"Group","RightName":"Owner","AceType":"","IsInherited":false},{"PrincipalSID":"HTB.LOCAL-S-1-5-32-548","PrincipalType":"Group","RightName":"GenericAll","AceType":"","IsInherited":false},{"PrincipalSID":"S-1-5-21-2648318136-3688571242-2924127574-512","PrincipalType":"Group","RightName":"GenericAll","AceType":"","IsInherited":false},{"PrincipalSID":"S-1-5-21-2648318136-3688571242-2924127574-1108","PrincipalType":"Unknown","RightName":"GenericAll","AceType":"","IsInherited":false},{"PrincipalSID":"S-1-5-21-2648318136-3688571242-2924127574-1121","PrincipalType":"Unknown","RightName":"ExtendedRight","AceType":"User-Force-Change-Password","IsInherited":true},{"PrincipalSID":"S-1-5-21-2648318136-3688571242-2924127574-1121","PrincipalType":"Unknown","RightName":"WriteDacl","AceType":"","IsInherited":true},{"PrincipalSID":"S-1-5-21-2648318136-3688571242-2924127574-519","PrincipalType":"Group","RightName":"GenericAll","AceType":"","IsInherited":true},{"PrincipalSID":"HTB.LOCAL-S-1-5-32-544","PrincipalType":"Group","RightName":"WriteDacl","AceType":"","IsInherited":true},{"PrincipalSID":"HTB.LOCAL-S-1-5-32-544","PrincipalType":"Group","RightName":"WriteOwner","AceType":"","IsInherited":true},{"PrincipalSID":"HTB.LOCAL-S-1-5-32-544","PrincipalType":"Group","RightName":"ExtendedRight","AceType":"All","IsInherited":true},{"PrincipalSID":"HTB.LOCAL-S-1-5-32-544","PrincipalType":"Group","RightName":"GenericWrite","AceType":"","IsInherited":true}]},{"Properties":{"highvalue":false,"name":"BRAD@HTB.LOCAL","domain":"HTB.LOCAL","objectid":"S-1-5-21-2648318136-3688571242-2924127574-1132","distinguishedname":"CN=Brad Hindman,CN=Users,DC=HTB,DC=LOCAL","description":null,"dontreqpreauth":false,"passwordnotreqd":false,"unconstraineddelegation":false,"sensitive":false,"enabled":true,"pwdneverexpires":true,"lastlogon":1509840810,"lastlogontimestamp":1509264815,"pwdlastset":1509191309,"serviceprincipalnames":[],"hasspn":false,"displayname":"Brad Hindman","email":null,"title":null,"homedirectory":null,"userpassword":null,"admincount":false,"sidhistory":[]},"AllowedToDelegate":[],"SPNTargets":[],"PrimaryGroupSid":"S-1-5-21-2648318136-3688571242-2924127574-513","HasSIDHistory":[],"ObjectIdentifier":"S-1-5-21-2648318136-3688571242-2924127574-1132","Aces":[{"PrincipalSID":"S-1-5-21-2648318136-3688571242-2924127574-512","PrincipalType":"Group","RightName":"Owner","AceType":"","IsInherited":false},{"PrincipalSID":"HTB.LOCAL-S-1-5-32-544","PrincipalType":"Group","RightName":"WriteDacl","AceType":"","IsInherited":false},{"PrincipalSID":"HTB.LOCAL-S-1-5-32-544","PrincipalType":"Group","RightName":"WriteOwner","AceType":"","IsInherited":false},{"PrincipalSID":"HTB.LOCAL-S-1-5-32-544","PrincipalType":"Group","RightName":"ExtendedRight","AceType":"All","IsInherited":false},{"PrincipalSID":"HTB.LOCAL-S-1-5-32-544","PrincipalType":"Group","RightName":"GenericWrite","AceType":"","IsInherited":false},{"PrincipalSID":"S-1-5-21-2648318136-3688571242-2924127574-512","PrincipalType":"Group","RightName":"WriteDacl","AceType":"","IsInherited":false},{"PrincipalSID":"S-1-5-21-2648318136-3688571242-2924127574-512","PrincipalType":"Group","RightName":"WriteOwner","AceType":"","IsInherited":false},{"PrincipalSID":"S-1-5-21-2648318136-3688571242-2924127574-512","PrincipalType":"Group","RightName":"ExtendedRight","AceType":"All","IsInherited":false},{"PrincipalSID":"S-1-5-21-2648318136-3688571242-2924127574-512","PrincipalType":"Group","RightName":"GenericWrite","AceType":"","IsInherited":false},{"PrincipalSID":"S-1-5-21-2648318136-3688571242-2924127574-519","PrincipalType":"Group","RightName":"WriteDacl","AceType":"","IsInherited":false},{"PrincipalSID":"S-1-5-21-2648318136-3688571242-2924127574-519","PrincipalType":"Group","RightName":"WriteOwner","AceType":"","IsInherited":false},{"PrincipalSID":"S-1-5-21-2648318136-3688571242-2924127574-519","PrincipalType":"Group","RightName":"ExtendedRight","AceType":"All","IsInherited":false},{"PrincipalSID":"S-1-5-21-2648318136-3688571242-2924127574-519","PrincipalType":"Group","RightName":"GenericWrite","AceType":"","IsInherited":false}]},{"Properties":{"highvalue":false,"name":"JULIA@HTB.LOCAL","domain":"HTB.LOCAL","objectid":"S-1-5-21-2648318136-3688571242-2924127574-1133","distinguishedname":"CN=Julia Kolkowitz,CN=Users,DC=HTB,DC=LOCAL","description":null,"dontreqpreauth":false,"passwordnotreqd":false,"unconstraineddelegation":false,"sensitive":false,"enabled":true,"pwdneverexpires":true,"lastlogon":1509579350,"lastlogontimestamp":1509308513,"pwdlastset":1509191519,"serviceprincipalnames":[],"hasspn":false,"displayname":"Julia Kolkowitz","email":null,"title":null,"homedirectory":null,"userpassword":null,"admincount":false,"sidhistory":[]},"AllowedToDelegate":[],"SPNTargets":[],"PrimaryGroupSid":"S-1-5-21-2648318136-3688571242-2924127574-513","HasSIDHistory":[],"ObjectIdentifier":"S-1-5-21-2648318136-3688571242-2924127574-1133","Aces":[{"PrincipalSID":"S-1-5-21-2648318136-3688571242-2924127574-512","PrincipalType":"Group","RightName":"Owner","AceType":"","IsInherited":false},{"PrincipalSID":"HTB.LOCAL-S-1-5-32-544","PrincipalType":"Group","RightName":"WriteDacl","AceType":"","IsInherited":false},{"PrincipalSID":"HTB.LOCAL-S-1-5-32-544","PrincipalType":"Group","RightName":"WriteOwner","AceType":"","IsInherited":false},{"PrincipalSID":"HTB.LOCAL-S-1-5-32-544","PrincipalType":"Group","RightName":"ExtendedRight","AceType":"All","IsInherited":false},{"PrincipalSID":"HTB.LOCAL-S-1-5-32-544","PrincipalType":"Group","RightName":"GenericWrite","AceType":"","IsInherited":false},{"PrincipalSID":"S-1-5-21-2648318136-3688571242-2924127574-512","PrincipalType":"Group","RightName":"WriteDacl","AceType":"","IsInherited":false},{"PrincipalSID":"S-1-5-21-2648318136-3688571242-2924127574-512","PrincipalType":"Group","RightName":"WriteOwner","AceType":"","IsInherited":false},{"PrincipalSID":"S-1-5-21-2648318136-3688571242-2924127574-512","PrincipalType":"Group","RightName":"ExtendedRight","AceType":"All","IsInherited":false},{"PrincipalSID":"S-1-5-21-2648318136-3688571242-2924127574-512","PrincipalType":"Group","RightName":"GenericWrite","AceType":"","IsInherited":false},{"PrincipalSID":"S-1-5-21-2648318136-3688571242-2924127574-519","PrincipalType":"Group","RightName":"WriteDacl","AceType":"","IsInherited":false},{"PrincipalSID":"S-1-5-21-2648318136-3688571242-2924127574-519","PrincipalType":"Group","RightName":"WriteOwner","AceType":"","IsInherited":false},{"PrincipalSID":"S-1-5-21-2648318136-3688571242-2924127574-519","PrincipalType":"Group","RightName":"ExtendedRight","AceType":"All","IsInherited":false},{"PrincipalSID":"S-1-5-21-2648318136-3688571242-2924127574-519","PrincipalType":"Group","RightName":"GenericWrite","AceType":"","IsInherited":false}]},{"Properties":{"highvalue":false,"name":"SM_FF493709E894499A8@HTB.LOCAL","domain":"HTB.LOCAL","objectid":"S-1-5-21-2648318136-3688571242-2924127574-1125","distinguishedname":"CN=SystemMailbox{e0dc1c29-89c3-4034-b678-e6c29d823ed9},CN=Users,DC=HTB,DC=LOCAL","description":null,"dontreqpreauth":false,"passwordnotreqd":false,"unconstraineddelegation":false,"sensitive":false,"enabled":true,"pwdneverexpires":false,"lastlogon":-1,"lastlogontimestamp":-1,"pwdlastset":-1,"serviceprincipalnames":[],"hasspn":false,"displayname":"Microsoft Exchange","email":null,"title":null,"homedirectory":null,"userpassword":null,"admincount":false,"sidhistory":[]},"AllowedToDelegate":[],"SPNTargets":[],"PrimaryGroupSid":"S-1-5-21-2648318136-3688571242-2924127574-513","HasSIDHistory":[],"ObjectIdentifier":"S-1-5-21-2648318136-3688571242-2924127574-1125","Aces":[{"PrincipalSID":"S-1-5-21-2648318136-3688571242-2924127574-512","PrincipalType":"Group","RightName":"Owner","AceType":"","IsInherited":false},{"PrincipalSID":"HTB.LOCAL-S-1-5-32-548","PrincipalType":"Group","RightName":"GenericAll","AceType":"","IsInherited":false},{"PrincipalSID":"S-1-5-21-2648318136-3688571242-2924127574-512","PrincipalType":"Group","RightName":"GenericAll","AceType":"","IsInherited":false},{"PrincipalSID":"S-1-5-21-2648318136-3688571242-2924127574-1108","PrincipalType":"Unknown","RightName":"GenericAll","AceType":"","IsInherited":false},{"PrincipalSID":"S-1-5-21-2648318136-3688571242-2924127574-1121","PrincipalType":"Unknown","RightName":"ExtendedRight","AceType":"User-Force-Change-Password","IsInherited":true},{"PrincipalSID":"S-1-5-21-2648318136-3688571242-2924127574-1121","PrincipalType":"Unknown","RightName":"WriteDacl","AceType":"","IsInherited":true},{"PrincipalSID":"S-1-5-21-2648318136-3688571242-2924127574-519","PrincipalType":"Group","RightName":"GenericAll","AceType":"","IsInherited":true},{"PrincipalSID":"HTB.LOCAL-S-1-5-32-544","PrincipalType":"Group","RightName":"WriteDacl","AceType":"","IsInherited":true},{"PrincipalSID":"HTB.LOCAL-S-1-5-32-544","PrincipalType":"Group","RightName":"WriteOwner","AceType":"","IsInherited":true},{"PrincipalSID":"HTB.LOCAL-S-1-5-32-544","PrincipalType":"Group","RightName":"ExtendedRight","AceType":"All","IsInherited":true},{"PrincipalSID":"HTB.LOCAL-S-1-5-32-544","PrincipalType":"Group","RightName":"GenericWrite","AceType":"","IsInherited":true}]},{"Properties":{"highvalue":false,"name":"CLAIRE_DA@HTB.LOCAL","domain":"HTB.LOCAL","objectid":"S-1-5-21-2648318136-3688571242-2924127574-1141","distinguishedname":"CN=Claire_DA,CN=Users,DC=HTB,DC=LOCAL","description":null,"dontreqpreauth":false,"passwordnotreqd":false,"unconstraineddelegation":false,"sensitive":false,"enabled":true,"pwdneverexpires":true,"lastlogon":-1,"lastlogontimestamp":1509840765,"pwdlastset":1509496766,"serviceprincipalnames":[],"hasspn":false,"displayname":"Claire_DA","email":null,"title":null,"homedirectory":null,"userpassword":null,"admincount":true,"sidhistory":[]},"AllowedToDelegate":[],"SPNTargets":[],"PrimaryGroupSid":"S-1-5-21-2648318136-3688571242-2924127574-513","HasSIDHistory":[],"ObjectIdentifier":"S-1-5-21-2648318136-3688571242-2924127574-1141","Aces":[{"PrincipalSID":"S-1-5-21-2648318136-3688571242-2924127574-512","PrincipalType":"Group","RightName":"Owner","AceType":"","IsInherited":false},{"PrincipalSID":"HTB.LOCAL-S-1-5-32-544","PrincipalType":"Group","RightName":"WriteDacl","AceType":"","IsInherited":false},{"PrincipalSID":"HTB.LOCAL-S-1-5-32-544","PrincipalType":"Group","RightName":"WriteOwner","AceType":"","IsInherited":false},{"PrincipalSID":"HTB.LOCAL-S-1-5-32-544","PrincipalType":"Group","RightName":"ExtendedRight","AceType":"All","IsInherited":false},{"PrincipalSID":"HTB.LOCAL-S-1-5-32-544","PrincipalType":"Group","RightName":"GenericWrite","AceType":"","IsInherited":false},{"PrincipalSID":"S-1-5-21-2648318136-3688571242-2924127574-512","PrincipalType":"Group","RightName":"WriteDacl","AceType":"","IsInherited":false},{"PrincipalSID":"S-1-5-21-2648318136-3688571242-2924127574-512","PrincipalType":"Group","RightName":"WriteOwner","AceType":"","IsInherited":false},{"PrincipalSID":"S-1-5-21-2648318136-3688571242-2924127574-512","PrincipalType":"Group","RightName":"ExtendedRight","AceType":"All","IsInherited":false},{"PrincipalSID":"S-1-5-21-2648318136-3688571242-2924127574-512","PrincipalType":"Group","RightName":"GenericWrite","AceType":"","IsInherited":false},{"PrincipalSID":"S-1-5-21-2648318136-3688571242-2924127574-519","PrincipalType":"Group","RightName":"WriteDacl","AceType":"","IsInherited":false},{"PrincipalSID":"S-1-5-21-2648318136-3688571242-2924127574-519","PrincipalType":"Group","RightName":"WriteOwner","AceType":"","IsInherited":false},{"PrincipalSID":"S-1-5-21-2648318136-3688571242-2924127574-519","PrincipalType":"Group","RightName":"ExtendedRight","AceType":"All","IsInherited":false},{"PrincipalSID":"S-1-5-21-2648318136-3688571242-2924127574-519","PrincipalType":"Group","RightName":"GenericWrite","AceType":"","IsInherited":false}]},{"Properties":{"highvalue":false,"name":"RANJ@HTB.LOCAL","domain":"HTB.LOCAL","objectid":"S-1-5-21-2648318136-3688571242-2924127574-1136","distinguishedname":"CN=Ranj Singh,CN=Users,DC=HTB,DC=LOCAL","description":null,"dontreqpreauth":false,"passwordnotreqd":false,"unconstraineddelegation":false,"sensitive":false,"enabled":true,"pwdneverexpires":true,"lastlogon":-1,"lastlogontimestamp":1509488342,"pwdlastset":1509307388,"serviceprincipalnames":[],"hasspn":false,"displayname":"Ranj Singh","email":null,"title":null,"homedirectory":null,"userpassword":null,"admincount":false,"sidhistory":[]},"AllowedToDelegate":[],"SPNTargets":[],"PrimaryGroupSid":"S-1-5-21-2648318136-3688571242-2924127574-513","HasSIDHistory":[],"ObjectIdentifier":"S-1-5-21-2648318136-3688571242-2924127574-1136","Aces":[{"PrincipalSID":"HTB.LOCAL-S-1-5-32-548","PrincipalType":"Group","RightName":"GenericAll","AceType":"","IsInherited":false},{"PrincipalSID":"S-1-5-21-2648318136-3688571242-2924127574-512","PrincipalType":"Group","RightName":"GenericAll","AceType":"","IsInherited":false},{"PrincipalSID":"S-1-5-21-2648318136-3688571242-2924127574-1121","PrincipalType":"Unknown","RightName":"ExtendedRight","AceType":"User-Force-Change-Password","IsInherited":true},{"PrincipalSID":"S-1-5-21-2648318136-3688571242-2924127574-1121","PrincipalType":"Unknown","RightName":"WriteDacl","AceType":"","IsInherited":true},{"PrincipalSID":"S-1-5-21-2648318136-3688571242-2924127574-519","PrincipalType":"Group","RightName":"GenericAll","AceType":"","IsInherited":true},{"PrincipalSID":"HTB.LOCAL-S-1-5-32-544","PrincipalType":"Group","RightName":"WriteDacl","AceType":"","IsInherited":true},{"PrincipalSID":"HTB.LOCAL-S-1-5-32-544","PrincipalType":"Group","RightName":"WriteOwner","AceType":"","IsInherited":true},{"PrincipalSID":"HTB.LOCAL-S-1-5-32-544","PrincipalType":"Group","RightName":"ExtendedRight","AceType":"All","IsInherited":true},{"PrincipalSID":"HTB.LOCAL-S-1-5-32-544","PrincipalType":"Group","RightName":"GenericWrite","AceType":"","IsInherited":true}]},{"Properties":{"highvalue":false,"name":"BRAD_DA@HTB.LOCAL","domain":"HTB.LOCAL","objectid":"S-1-5-21-2648318136-3688571242-2924127574-1140","distinguishedname":"CN=Brad_DA,CN=Users,DC=HTB,DC=LOCAL","description":null,"dontreqpreauth":false,"passwordnotreqd":false,"unconstraineddelegation":false,"sensitive":false,"enabled":true,"pwdneverexpires":true,"lastlogon":-1,"lastlogontimestamp":-1,"pwdlastset":1509496568,"serviceprincipalnames":[],"hasspn":false,"displayname":"Brad_DA","email":null,"title":null,"homedirectory":null,"userpassword":null,"admincount":true,"sidhistory":[]},"AllowedToDelegate":[],"SPNTargets":[],"PrimaryGroupSid":"S-1-5-21-2648318136-3688571242-2924127574-513","HasSIDHistory":[],"ObjectIdentifier":"S-1-5-21-2648318136-3688571242-2924127574-1140","Aces":[{"PrincipalSID":"S-1-5-21-2648318136-3688571242-2924127574-512","PrincipalType":"Group","RightName":"Owner","AceType":"","IsInherited":false},{"PrincipalSID":"HTB.LOCAL-S-1-5-32-544","PrincipalType":"Group","RightName":"WriteDacl","AceType":"","IsInherited":false},{"PrincipalSID":"HTB.LOCAL-S-1-5-32-544","PrincipalType":"Group","RightName":"WriteOwner","AceType":"","IsInherited":false},{"PrincipalSID":"HTB.LOCAL-S-1-5-32-544","PrincipalType":"Group","RightName":"ExtendedRight","AceType":"All","IsInherited":false},{"PrincipalSID":"HTB.LOCAL-S-1-5-32-544","PrincipalType":"Group","RightName":"GenericWrite","AceType":"","IsInherited":false},{"PrincipalSID":"S-1-5-21-2648318136-3688571242-2924127574-512","PrincipalType":"Group","RightName":"WriteDacl","AceType":"","IsInherited":false},{"PrincipalSID":"S-1-5-21-2648318136-3688571242-2924127574-512","PrincipalType":"Group","RightName":"WriteOwner","AceType":"","IsInherited":false},{"PrincipalSID":"S-1-5-21-2648318136-3688571242-2924127574-512","PrincipalType":"Group","RightName":"ExtendedRight","AceType":"All","IsInherited":false},{"PrincipalSID":"S-1-5-21-2648318136-3688571242-2924127574-512","PrincipalType":"Group","RightName":"GenericWrite","AceType":"","IsInherited":false},{"PrincipalSID":"S-1-5-21-2648318136-3688571242-2924127574-519","PrincipalType":"Group","RightName":"WriteDacl","AceType":"","IsInherited":false},{"PrincipalSID":"S-1-5-21-2648318136-3688571242-2924127574-519","PrincipalType":"Group","RightName":"WriteOwner","AceType":"","IsInherited":false},{"PrincipalSID":"S-1-5-21-2648318136-3688571242-2924127574-519","PrincipalType":"Group","RightName":"ExtendedRight","AceType":"All","IsInherited":false},{"PrincipalSID":"S-1-5-21-2648318136-3688571242-2924127574-519","PrincipalType":"Group","RightName":"GenericWrite","AceType":"","IsInherited":false}]},{"Properties":{"highvalue":false,"name":"SM_DCCF830A58DA45DBB@HTB.LOCAL","domain":"HTB.LOCAL","objectid":"S-1-5-21-2648318136-3688571242-2924127574-1124","distinguishedname":"CN=SystemMailbox{1f05a927-cba0-4a5a-af27-e49d41b0e99d},CN=Users,DC=HTB,DC=LOCAL","description":null,"dontreqpreauth":false,"passwordnotreqd":false,"unconstraineddelegation":false,"sensitive":false,"enabled":true,"pwdneverexpires":false,"lastlogon":-1,"lastlogontimestamp":-1,"pwdlastset":-1,"serviceprincipalnames":[],"hasspn":false,"displayname":"Microsoft Exchange Approval Assistant","email":null,"title":null,"homedirectory":null,"userpassword":null,"admincount":false,"sidhistory":[]},"AllowedToDelegate":[],"SPNTargets":[],"PrimaryGroupSid":"S-1-5-21-2648318136-3688571242-2924127574-513","HasSIDHistory":[],"ObjectIdentifier":"S-1-5-21-2648318136-3688571242-2924127574-1124","Aces":[{"PrincipalSID":"S-1-5-21-2648318136-3688571242-2924127574-512","PrincipalType":"Group","RightName":"Owner","AceType":"","IsInherited":false},{"PrincipalSID":"HTB.LOCAL-S-1-5-32-548","PrincipalType":"Group","RightName":"GenericAll","AceType":"","IsInherited":false},{"PrincipalSID":"S-1-5-21-2648318136-3688571242-2924127574-512","PrincipalType":"Group","RightName":"GenericAll","AceType":"","IsInherited":false},{"PrincipalSID":"S-1-5-21-2648318136-3688571242-2924127574-1108","PrincipalType":"Unknown","RightName":"GenericAll","AceType":"","IsInherited":false},{"PrincipalSID":"S-1-5-21-2648318136-3688571242-2924127574-1121","PrincipalType":"Unknown","RightName":"ExtendedRight","AceType":"User-Force-Change-Password","IsInherited":true},{"PrincipalSID":"S-1-5-21-2648318136-3688571242-2924127574-1121","PrincipalType":"Unknown","RightName":"WriteDacl","AceType":"","IsInherited":true},{"PrincipalSID":"S-1-5-21-2648318136-3688571242-2924127574-519","PrincipalType":"Group","RightName":"GenericAll","AceType":"","IsInherited":true},{"PrincipalSID":"HTB.LOCAL-S-1-5-32-544","PrincipalType":"Group","RightName":"WriteDacl","AceType":"","IsInherited":true},{"PrincipalSID":"HTB.LOCAL-S-1-5-32-544","PrincipalType":"Group","RightName":"WriteOwner","AceType":"","IsInherited":true},{"PrincipalSID":"HTB.LOCAL-S-1-5-32-544","PrincipalType":"Group","RightName":"ExtendedRight","AceType":"All","IsInherited":true},{"PrincipalSID":"HTB.LOCAL-S-1-5-32-544","PrincipalType":"Group","RightName":"GenericWrite","AceType":"","IsInherited":true}]},{"Properties":{"highvalue":false,"name":"GUEST@HTB.LOCAL","domain":"HTB.LOCAL","objectid":"S-1-5-21-2648318136-3688571242-2924127574-501","distinguishedname":"CN=Guest,CN=Users,DC=HTB,DC=LOCAL","description":"Built-in account for guest access to the computer/domain","dontreqpreauth":false,"passwordnotreqd":true,"unconstraineddelegation":false,"sensitive":false,"enabled":false,"pwdneverexpires":true,"lastlogon":-1,"lastlogontimestamp":-1,"pwdlastset":-1,"serviceprincipalnames":[],"hasspn":false,"displayname":null,"email":null,"title":null,"homedirectory":null,"userpassword":null,"admincount":false,"sidhistory":[]},"AllowedToDelegate":[],"SPNTargets":[],"PrimaryGroupSid":"S-1-5-21-2648318136-3688571242-2924127574-514","HasSIDHistory":[],"ObjectIdentifier":"S-1-5-21-2648318136-3688571242-2924127574-501","Aces":[]},{"Properties":{"highvalue":false,"name":"MARK@HTB.LOCAL","domain":"HTB.LOCAL","objectid":"S-1-5-21-2648318136-3688571242-2924127574-1602","distinguishedname":"CN=Mark Aimes,CN=Users,DC=HTB,DC=LOCAL","description":null,"dontreqpreauth":false,"passwordnotreqd":false,"unconstraineddelegation":false,"sensitive":false,"enabled":true,"pwdneverexpires":true,"lastlogon":-1,"lastlogontimestamp":1509754188,"pwdlastset":1509657857,"serviceprincipalnames":[],"hasspn":false,"displayname":"Mark Aimes","email":null,"title":null,"homedirectory":null,"userpassword":null,"admincount":false,"sidhistory":[]},"AllowedToDelegate":[],"SPNTargets":[],"PrimaryGroupSid":"S-1-5-21-2648318136-3688571242-2924127574-513","HasSIDHistory":[],"ObjectIdentifier":"S-1-5-21-2648318136-3688571242-2924127574-1602","Aces":[{"PrincipalSID":"HTB.LOCAL-S-1-5-32-548","PrincipalType":"Group","RightName":"GenericAll","AceType":"","IsInherited":false},{"PrincipalSID":"S-1-5-21-2648318136-3688571242-2924127574-512","PrincipalType":"Group","RightName":"GenericAll","AceType":"","IsInherited":false},{"PrincipalSID":"S-1-5-21-2648318136-3688571242-2924127574-1121","PrincipalType":"Unknown","RightName":"ExtendedRight","AceType":"User-Force-Change-Password","IsInherited":true},{"PrincipalSID":"S-1-5-21-2648318136-3688571242-2924127574-1121","PrincipalType":"Unknown","RightName":"WriteDacl","AceType":"","IsInherited":true},{"PrincipalSID":"S-1-5-21-2648318136-3688571242-2924127574-519","PrincipalType":"Group","RightName":"GenericAll","AceType":"","IsInherited":true},{"PrincipalSID":"HTB.LOCAL-S-1-5-32-544","PrincipalType":"Group","RightName":"WriteDacl","AceType":"","IsInherited":true},{"PrincipalSID":"HTB.LOCAL-S-1-5-32-544","PrincipalType":"Group","RightName":"WriteOwner","AceType":"","IsInherited":true},{"PrincipalSID":"HTB.LOCAL-S-1-5-32-544","PrincipalType":"Group","RightName":"ExtendedRight","AceType":"All","IsInherited":true},{"PrincipalSID":"HTB.LOCAL-S-1-5-32-544","PrincipalType":"Group","RightName":"GenericWrite","AceType":"","IsInherited":true}]},{"Properties":{"highvalue":false,"name":"ROSIE@HTB.LOCAL","domain":"HTB.LOCAL","objectid":"S-1-5-21-2648318136-3688571242-2924127574-1605","distinguishedname":"CN=Rosie Watts,OU=Departed Users,DC=HTB,DC=LOCAL","description":null,"dontreqpreauth":false,"passwordnotreqd":false,"unconstraineddelegation":false,"sensitive":false,"enabled":true,"pwdneverexpires":false,"lastlogon":-1,"lastlogontimestamp":-1,"pwdlastset":-1,"serviceprincipalnames":[],"hasspn":false,"displayname":"Rosie Watts","email":null,"title":null,"homedirectory":null,"userpassword":null,"admincount":false,"sidhistory":[]},"AllowedToDelegate":[],"SPNTargets":[],"PrimaryGroupSid":"S-1-5-21-2648318136-3688571242-2924127574-513","HasSIDHistory":[],"ObjectIdentifier":"S-1-5-21-2648318136-3688571242-2924127574-1605","Aces":[{"PrincipalSID":"HTB.LOCAL-S-1-5-32-548","PrincipalType":"Group","RightName":"GenericAll","AceType":"","IsInherited":false},{"PrincipalSID":"S-1-5-21-2648318136-3688571242-2924127574-512","PrincipalType":"Group","RightName":"GenericAll","AceType":"","IsInherited":false},{"PrincipalSID":"S-1-5-21-2648318136-3688571242-2924127574-1121","PrincipalType":"Unknown","RightName":"ExtendedRight","AceType":"User-Force-Change-Password","IsInherited":true},{"PrincipalSID":"S-1-5-21-2648318136-3688571242-2924127574-1121","PrincipalType":"Unknown","RightName":"WriteDacl","AceType":"","IsInherited":true},{"PrincipalSID":"S-1-5-21-2648318136-3688571242-2924127574-519","PrincipalType":"Group","RightName":"GenericAll","AceType":"","IsInherited":true},{"PrincipalSID":"HTB.LOCAL-S-1-5-32-544","PrincipalType":"Group","RightName":"WriteDacl","AceType":"","IsInherited":true},{"PrincipalSID":"HTB.LOCAL-S-1-5-32-544","PrincipalType":"Group","RightName":"WriteOwner","AceType":"","IsInherited":true},{"PrincipalSID":"HTB.LOCAL-S-1-5-32-544","PrincipalType":"Group","RightName":"ExtendedRight","AceType":"All","IsInherited":true},{"PrincipalSID":"HTB.LOCAL-S-1-5-32-544","PrincipalType":"Group","RightName":"GenericWrite","AceType":"","IsInherited":true}]},{"Properties":{"highvalue":false,"name":"CLAIRE@HTB.LOCAL","domain":"HTB.LOCAL","objectid":"S-1-5-21-2648318136-3688571242-2924127574-1130","distinguishedname":"CN=Claire Danes,CN=Users,DC=HTB,DC=LOCAL","description":null,"dontreqpreauth":false,"passwordnotreqd":false,"unconstraineddelegation":false,"sensitive":false,"enabled":true,"pwdneverexpires":true,"lastlogon":1527636898,"lastlogontimestamp":1527636417,"pwdlastset":1588548376,"serviceprincipalnames":[],"hasspn":false,"displayname":"Claire Danes","email":null,"title":null,"homedirectory":null,"userpassword":null,"admincount":false,"sidhistory":[]},"AllowedToDelegate":[],"SPNTargets":[],"PrimaryGroupSid":"S-1-5-21-2648318136-3688571242-2924127574-513","HasSIDHistory":[],"ObjectIdentifier":"S-1-5-21-2648318136-3688571242-2924127574-1130","Aces":[{"PrincipalSID":"HTB.LOCAL-S-1-5-32-548","PrincipalType":"Group","RightName":"GenericAll","AceType":"","IsInherited":false},{"PrincipalSID":"S-1-5-21-2648318136-3688571242-2924127574-512","PrincipalType":"Group","RightName":"GenericAll","AceType":"","IsInherited":false},{"PrincipalSID":"S-1-5-21-2648318136-3688571242-2924127574-1107","PrincipalType":"User","RightName":"WriteOwner","AceType":"","IsInherited":false},{"PrincipalSID":"S-1-5-21-2648318136-3688571242-2924127574-1121","PrincipalType":"Unknown","RightName":"ExtendedRight","AceType":"User-Force-Change-Password","IsInherited":true},{"PrincipalSID":"S-1-5-21-2648318136-3688571242-2924127574-1121","PrincipalType":"Unknown","RightName":"WriteDacl","AceType":"","IsInherited":true},{"PrincipalSID":"S-1-5-21-2648318136-3688571242-2924127574-519","PrincipalType":"Group","RightName":"GenericAll","AceType":"","IsInherited":true},{"PrincipalSID":"HTB.LOCAL-S-1-5-32-544","PrincipalType":"Group","RightName":"WriteDacl","AceType":"","IsInherited":true},{"PrincipalSID":"HTB.LOCAL-S-1-5-32-544","PrincipalType":"Group","RightName":"WriteOwner","AceType":"","IsInherited":true},{"PrincipalSID":"HTB.LOCAL-S-1-5-32-544","PrincipalType":"Group","RightName":"ExtendedRight","AceType":"All","IsInherited":true},{"PrincipalSID":"HTB.LOCAL-S-1-5-32-544","PrincipalType":"Group","RightName":"GenericWrite","AceType":"","IsInherited":true}]},{"Properties":{"highvalue":false,"name":"HERMAN@HTB.LOCAL","domain":"HTB.LOCAL","objectid":"S-1-5-21-2648318136-3688571242-2924127574-1131","distinguishedname":"CN=Herman Yung,CN=Users,DC=HTB,DC=LOCAL","description":null,"dontreqpreauth":false,"passwordnotreqd":false,"unconstraineddelegation":false,"sensitive":false,"enabled":true,"pwdneverexpires":true,"lastlogon":1509841336,"lastlogontimestamp":1510184440,"pwdlastset":1588548684,"serviceprincipalnames":[],"hasspn":false,"displayname":"Herman Yung","email":null,"title":null,"homedirectory":null,"userpassword":null,"admincount":false,"sidhistory":[]},"AllowedToDelegate":[],"SPNTargets":[],"PrimaryGroupSid":"S-1-5-21-2648318136-3688571242-2924127574-513","HasSIDHistory":[],"ObjectIdentifier":"S-1-5-21-2648318136-3688571242-2924127574-1131","Aces":[{"PrincipalSID":"HTB.LOCAL-S-1-5-32-548","PrincipalType":"Group","RightName":"GenericAll","AceType":"","IsInherited":false},{"PrincipalSID":"S-1-5-21-2648318136-3688571242-2924127574-512","PrincipalType":"Group","RightName":"GenericAll","AceType":"","IsInherited":false},{"PrincipalSID":"S-1-5-21-2648318136-3688571242-2924127574-1105","PrincipalType":"User","RightName":"WriteOwner","AceType":"","IsInherited":false},{"PrincipalSID":"S-1-5-21-2648318136-3688571242-2924127574-1121","PrincipalType":"Unknown","RightName":"ExtendedRight","AceType":"User-Force-Change-Password","IsInherited":true},{"PrincipalSID":"S-1-5-21-2648318136-3688571242-2924127574-1121","PrincipalType":"Unknown","RightName":"WriteDacl","AceType":"","IsInherited":true},{"PrincipalSID":"S-1-5-21-2648318136-3688571242-2924127574-519","PrincipalType":"Group","RightName":"GenericAll","AceType":"","IsInherited":true},{"PrincipalSID":"HTB.LOCAL-S-1-5-32-544","PrincipalType":"Group","RightName":"WriteDacl","AceType":"","IsInherited":true},{"PrincipalSID":"HTB.LOCAL-S-1-5-32-544","PrincipalType":"Group","RightName":"WriteOwner","AceType":"","IsInherited":true},{"PrincipalSID":"HTB.LOCAL-S-1-5-32-544","PrincipalType":"Group","RightName":"ExtendedRight","AceType":"All","IsInherited":true},{"PrincipalSID":"HTB.LOCAL-S-1-5-32-544","PrincipalType":"Group","RightName":"GenericWrite","AceType":"","IsInherited":true}]}],"meta":{"count":18,"type":"users","version":3}}