﻿{"computers":[{"Properties":{"haslaps":false,"highvalue":false,"name":"REEL.HTB.LOCAL","domain":"HTB.LOCAL","objectid":"S-1-5-21-2648318136-3688571242-2924127574-1001","distinguishedname":"CN=REEL,OU=Domain Controllers,DC=HTB,DC=LOCAL","description":null,"enabled":true,"unconstraineddelegation":true,"serviceprincipalnames":["exchangeRFR/REEL","exchangeRFR/REEL.HTB.LOCAL","exchangeMDB/REEL.HTB.LOCAL","exchangeMDB/REEL","exchangeAB/REEL","exchangeAB/REEL.HTB.LOCAL","SMTP/REEL","SMTP/REEL.HTB.LOCAL","SmtpSvc/REEL","SmtpSvc/REEL.HTB.LOCAL","Dfsr-12F9A27C-BF97-4787-9364-D31B6C55EB04/REEL.HTB.LOCAL","ldap/REEL.HTB.LOCAL/ForestDnsZones.HTB.LOCAL","ldap/REEL.HTB.LOCAL/DomainDnsZones.HTB.LOCAL","DNS/REEL.HTB.LOCAL","GC/REEL.HTB.LOCAL/HTB.LOCAL","RestrictedKrbHost/REEL.HTB.LOCAL","RestrictedKrbHost/REEL","RPC/3962753d-842e-4be5-99fa-48e7a48372d5._msdcs.HTB.LOCAL","HOST/REEL/HTB","HOST/REEL.HTB.LOCAL/HTB","HOST/REEL","HOST/REEL.HTB.LOCAL","HOST/REEL.HTB.LOCAL/HTB.LOCAL","E3514235-4B06-11D1-AB04-00C04FC2DCD2/3962753d-842e-4be5-99fa-48e7a48372d5/HTB.LOCAL","ldap/REEL/HTB","ldap/3962753d-842e-4be5-99fa-48e7a48372d5._msdcs.HTB.LOCAL","ldap/REEL.HTB.LOCAL/HTB","ldap/REEL","ldap/REEL.HTB.LOCAL","ldap/REEL.HTB.LOCAL/HTB.LOCAL"],"lastlogontimestamp":1588528669,"pwdlastset":1588528645,"operatingsystem":"Windows Server 2012 R2 Standard"},"AllowedToDelegate":[],"AllowedToAct":[],"PrimaryGroupSid":"S-1-5-21-2648318136-3688571242-2924127574-516","Sessions":[{"UserId":"S-1-5-21-2648318136-3688571242-2924127574-1105","ComputerId":"S-1-5-21-2648318136-3688571242-2924127574-1001"}],"LocalAdmins":[{"MemberId":"S-1-5-21-2648318136-3688571242-2924127574-500","MemberType":"User"},{"MemberId":"S-1-5-21-2648318136-3688571242-2924127574-519","MemberType":"Group"},{"MemberId":"S-1-5-21-2648318136-3688571242-2924127574-512","MemberType":"Group"}],"RemoteDesktopUsers":[],"DcomUsers":[],"PSRemoteUsers":[],"ObjectIdentifier":"S-1-5-21-2648318136-3688571242-2924127574-1001","Aces":[{"PrincipalSID":"S-1-5-21-2648318136-3688571242-2924127574-512","PrincipalType":"Group","RightName":"Owner","AceType":"","IsInherited":false},{"PrincipalSID":"HTB.LOCAL-S-1-5-32-544","PrincipalType":"Group","RightName":"WriteDacl","AceType":"","IsInherited":false},{"PrincipalSID":"HTB.LOCAL-S-1-5-32-544","PrincipalType":"Group","RightName":"WriteOwner","AceType":"","IsInherited":false},{"PrincipalSID":"HTB.LOCAL-S-1-5-32-544","PrincipalType":"Group","RightName":"GenericWrite","AceType":"","IsInherited":false},{"PrincipalSID":"S-1-5-21-2648318136-3688571242-2924127574-512","PrincipalType":"Group","RightName":"WriteDacl","AceType":"","IsInherited":false},{"PrincipalSID":"S-1-5-21-2648318136-3688571242-2924127574-512","PrincipalType":"Group","RightName":"WriteOwner","AceType":"","IsInherited":false},{"PrincipalSID":"S-1-5-21-2648318136-3688571242-2924127574-512","PrincipalType":"Group","RightName":"GenericWrite","AceType":"","IsInherited":false},{"PrincipalSID":"S-1-5-21-2648318136-3688571242-2924127574-519","PrincipalType":"Group","RightName":"WriteDacl","AceType":"","IsInherited":false},{"PrincipalSID":"S-1-5-21-2648318136-3688571242-2924127574-519","PrincipalType":"Group","RightName":"WriteOwner","AceType":"","IsInherited":false},{"PrincipalSID":"S-1-5-21-2648318136-3688571242-2924127574-519","PrincipalType":"Group","RightName":"GenericWrite","AceType":"","IsInherited":false}]}],"meta":{"count":1,"type":"computers","version":3}}