﻿{"groups":[{"Properties":{"highvalue":true,"name":"ADMINISTRATORS@HTB.LOCAL","domain":"HTB.LOCAL","objectid":"HTB.LOCAL-S-1-5-32-544","distinguishedname":"CN=Administrators,CN=Builtin,DC=HTB,DC=LOCAL","description":"Administrators have complete and unrestricted access to the computer/domain","admincount":true},"Members":[{"MemberId":"S-1-5-21-2648318136-3688571242-2924127574-512","MemberType":"Group"},{"MemberId":"S-1-5-21-2648318136-3688571242-2924127574-519","MemberType":"Group"},{"MemberId":"S-1-5-21-2648318136-3688571242-2924127574-500","MemberType":"User"}],"ObjectIdentifier":"HTB.LOCAL-S-1-5-32-544","Aces":[{"PrincipalSID":"S-1-5-21-2648318136-3688571242-2924127574-512","PrincipalType":"Group","RightName":"Owner","AceType":"","IsInherited":false},{"PrincipalSID":"HTB.LOCAL-S-1-5-32-544","PrincipalType":"Group","RightName":"WriteDacl","AceType":"","IsInherited":false},{"PrincipalSID":"HTB.LOCAL-S-1-5-32-544","PrincipalType":"Group","RightName":"WriteOwner","AceType":"","IsInherited":false},{"PrincipalSID":"HTB.LOCAL-S-1-5-32-544","PrincipalType":"Group","RightName":"GenericWrite","AceType":"","IsInherited":false},{"PrincipalSID":"S-1-5-21-2648318136-3688571242-2924127574-512","PrincipalType":"Group","RightName":"WriteDacl","AceType":"","IsInherited":false},{"PrincipalSID":"S-1-5-21-2648318136-3688571242-2924127574-512","PrincipalType":"Group","RightName":"WriteOwner","AceType":"","IsInherited":false},{"PrincipalSID":"S-1-5-21-2648318136-3688571242-2924127574-512","PrincipalType":"Group","RightName":"GenericWrite","AceType":"","IsInherited":false},{"PrincipalSID":"S-1-5-21-2648318136-3688571242-2924127574-519","PrincipalType":"Group","RightName":"WriteDacl","AceType":"","IsInherited":false},{"PrincipalSID":"S-1-5-21-2648318136-3688571242-2924127574-519","PrincipalType":"Group","RightName":"WriteOwner","AceType":"","IsInherited":false},{"PrincipalSID":"S-1-5-21-2648318136-3688571242-2924127574-519","PrincipalType":"Group","RightName":"GenericWrite","AceType":"","IsInherited":false}]},{"Properties":{"highvalue":false,"name":"WINDOWS AUTHORIZATION ACCESS GROUP@HTB.LOCAL","domain":"HTB.LOCAL","objectid":"HTB.LOCAL-S-1-5-32-560","distinguishedname":"CN=Windows Authorization Access Group,CN=Builtin,DC=HTB,DC=LOCAL","description":"Members of this group have access to the computed tokenGroupsGlobalAndUniversal attribute on User objects","admincount":false},"Members":[{"MemberId":"HTB.LOCAL-S-1-5-9","MemberType":"Group"}],"ObjectIdentifier":"HTB.LOCAL-S-1-5-32-560","Aces":[{"PrincipalSID":"S-1-5-21-2648318136-3688571242-2924127574-512","PrincipalType":"Group","RightName":"Owner","AceType":"","IsInherited":false},{"PrincipalSID":"HTB.LOCAL-S-1-5-32-548","PrincipalType":"Group","RightName":"GenericAll","AceType":"","IsInherited":false},{"PrincipalSID":"S-1-5-21-2648318136-3688571242-2924127574-512","PrincipalType":"Group","RightName":"GenericAll","AceType":"","IsInherited":false},{"PrincipalSID":"S-1-5-21-2648318136-3688571242-2924127574-519","PrincipalType":"Group","RightName":"GenericAll","AceType":"","IsInherited":true},{"PrincipalSID":"HTB.LOCAL-S-1-5-32-544","PrincipalType":"Group","RightName":"WriteDacl","AceType":"","IsInherited":true},{"PrincipalSID":"HTB.LOCAL-S-1-5-32-544","PrincipalType":"Group","RightName":"WriteOwner","AceType":"","IsInherited":true},{"PrincipalSID":"HTB.LOCAL-S-1-5-32-544","PrincipalType":"Group","RightName":"GenericWrite","AceType":"","IsInherited":true},{"PrincipalSID":"S-1-5-21-2648318136-3688571242-2924127574-1121","PrincipalType":"Unknown","RightName":"WriteProperty","AceType":"AddMember","IsInherited":true}]},{"Properties":{"highvalue":false,"name":"HYPER-V ADMINISTRATORS@HTB.LOCAL","domain":"HTB.LOCAL","objectid":"HTB.LOCAL-S-1-5-32-578","distinguishedname":"CN=Hyper-V Administrators,CN=Builtin,DC=HTB,DC=LOCAL","description":"Members of this group have complete and unrestricted access to all features of Hyper-V.","admincount":false},"Members":[{"MemberId":"S-1-5-21-2648318136-3688571242-2924127574-1132","MemberType":"User"},{"MemberId":"S-1-5-21-2648318136-3688571242-2924127574-1130","MemberType":"User"}],"ObjectIdentifier":"HTB.LOCAL-S-1-5-32-578","Aces":[{"PrincipalSID":"HTB.LOCAL-S-1-5-32-544","PrincipalType":"Group","RightName":"Owner","AceType":"","IsInherited":false},{"PrincipalSID":"HTB.LOCAL-S-1-5-32-548","PrincipalType":"Group","RightName":"GenericAll","AceType":"","IsInherited":false},{"PrincipalSID":"S-1-5-21-2648318136-3688571242-2924127574-512","PrincipalType":"Group","RightName":"GenericAll","AceType":"","IsInherited":false},{"PrincipalSID":"S-1-5-21-2648318136-3688571242-2924127574-519","PrincipalType":"Group","RightName":"GenericAll","AceType":"","IsInherited":true},{"PrincipalSID":"HTB.LOCAL-S-1-5-32-544","PrincipalType":"Group","RightName":"WriteDacl","AceType":"","IsInherited":true},{"PrincipalSID":"HTB.LOCAL-S-1-5-32-544","PrincipalType":"Group","RightName":"WriteOwner","AceType":"","IsInherited":true},{"PrincipalSID":"HTB.LOCAL-S-1-5-32-544","PrincipalType":"Group","RightName":"GenericWrite","AceType":"","IsInherited":true},{"PrincipalSID":"S-1-5-21-2648318136-3688571242-2924127574-1121","PrincipalType":"Unknown","RightName":"WriteProperty","AceType":"AddMember","IsInherited":true}]},{"Properties":{"highvalue":false,"name":"USERS@HTB.LOCAL","domain":"HTB.LOCAL","objectid":"HTB.LOCAL-S-1-5-32-545","distinguishedname":"CN=Users,CN=Builtin,DC=HTB,DC=LOCAL","description":"Users are prevented from making accidental or intentional system-wide changes and can run most applications","admincount":false},"Members":[{"MemberId":"S-1-5-21-2648318136-3688571242-2924127574-513","MemberType":"Group"},{"MemberId":"HTB.LOCAL-S-1-5-11","MemberType":"Group"},{"MemberId":"HTB.LOCAL-S-1-5-4","MemberType":"Group"},{"MemberId":"S-1-5-21-2648318136-3688571242-2924127574-500","MemberType":"User"}],"ObjectIdentifier":"HTB.LOCAL-S-1-5-32-545","Aces":[{"PrincipalSID":"HTB.LOCAL-S-1-5-32-544","PrincipalType":"Group","RightName":"Owner","AceType":"","IsInherited":false},{"PrincipalSID":"HTB.LOCAL-S-1-5-32-548","PrincipalType":"Group","RightName":"GenericAll","AceType":"","IsInherited":false},{"PrincipalSID":"S-1-5-21-2648318136-3688571242-2924127574-512","PrincipalType":"Group","RightName":"GenericAll","AceType":"","IsInherited":false},{"PrincipalSID":"S-1-5-21-2648318136-3688571242-2924127574-519","PrincipalType":"Group","RightName":"GenericAll","AceType":"","IsInherited":true},{"PrincipalSID":"HTB.LOCAL-S-1-5-32-544","PrincipalType":"Group","RightName":"WriteDacl","AceType":"","IsInherited":true},{"PrincipalSID":"HTB.LOCAL-S-1-5-32-544","PrincipalType":"Group","RightName":"WriteOwner","AceType":"","IsInherited":true},{"PrincipalSID":"HTB.LOCAL-S-1-5-32-544","PrincipalType":"Group","RightName":"GenericWrite","AceType":"","IsInherited":true},{"PrincipalSID":"S-1-5-21-2648318136-3688571242-2924127574-1121","PrincipalType":"Unknown","RightName":"WriteProperty","AceType":"AddMember","IsInherited":true}]},{"Properties":{"highvalue":false,"name":"PRE-WINDOWS 2000 COMPATIBLE ACCESS@HTB.LOCAL","domain":"HTB.LOCAL","objectid":"HTB.LOCAL-S-1-5-32-554","distinguishedname":"CN=Pre-Windows 2000 Compatible Access,CN=Builtin,DC=HTB,DC=LOCAL","description":"A backward compatibility group which allows read access on all users and groups in the domain","admincount":false},"Members":[{"MemberId":"HTB.LOCAL-S-1-5-11","MemberType":"Group"}],"ObjectIdentifier":"HTB.LOCAL-S-1-5-32-554","Aces":[{"PrincipalSID":"S-1-5-21-2648318136-3688571242-2924127574-512","PrincipalType":"Group","RightName":"Owner","AceType":"","IsInherited":false},{"PrincipalSID":"HTB.LOCAL-S-1-5-32-548","PrincipalType":"Group","RightName":"GenericAll","AceType":"","IsInherited":false},{"PrincipalSID":"S-1-5-21-2648318136-3688571242-2924127574-512","PrincipalType":"Group","RightName":"GenericAll","AceType":"","IsInherited":false},{"PrincipalSID":"S-1-5-21-2648318136-3688571242-2924127574-519","PrincipalType":"Group","RightName":"GenericAll","AceType":"","IsInherited":true},{"PrincipalSID":"HTB.LOCAL-S-1-5-32-544","PrincipalType":"Group","RightName":"WriteDacl","AceType":"","IsInherited":true},{"PrincipalSID":"HTB.LOCAL-S-1-5-32-544","PrincipalType":"Group","RightName":"WriteOwner","AceType":"","IsInherited":true},{"PrincipalSID":"HTB.LOCAL-S-1-5-32-544","PrincipalType":"Group","RightName":"GenericWrite","AceType":"","IsInherited":true},{"PrincipalSID":"S-1-5-21-2648318136-3688571242-2924127574-1121","PrincipalType":"Unknown","RightName":"WriteProperty","AceType":"AddMember","IsInherited":true}]},{"Properties":{"highvalue":false,"name":"RDS REMOTE ACCESS SERVERS@HTB.LOCAL","domain":"HTB.LOCAL","objectid":"HTB.LOCAL-S-1-5-32-575","distinguishedname":"CN=RDS Remote Access Servers,CN=Builtin,DC=HTB,DC=LOCAL","description":"Servers in this group enable users of RemoteApp programs and personal virtual desktops access to these resources. In Internet-facing deployments, these servers are typically deployed in an edge network. This group needs to be populated on servers running RD Connection Broker. RD Gateway servers and RD Web Access servers used in the deployment need to be in this group.","admincount":false},"Members":[],"ObjectIdentifier":"HTB.LOCAL-S-1-5-32-575","Aces":[{"PrincipalSID":"HTB.LOCAL-S-1-5-32-544","PrincipalType":"Group","RightName":"Owner","AceType":"","IsInherited":false},{"PrincipalSID":"HTB.LOCAL-S-1-5-32-548","PrincipalType":"Group","RightName":"GenericAll","AceType":"","IsInherited":false},{"PrincipalSID":"S-1-5-21-2648318136-3688571242-2924127574-512","PrincipalType":"Group","RightName":"GenericAll","AceType":"","IsInherited":false},{"PrincipalSID":"S-1-5-21-2648318136-3688571242-2924127574-519","PrincipalType":"Group","RightName":"GenericAll","AceType":"","IsInherited":true},{"PrincipalSID":"HTB.LOCAL-S-1-5-32-544","PrincipalType":"Group","RightName":"WriteDacl","AceType":"","IsInherited":true},{"PrincipalSID":"HTB.LOCAL-S-1-5-32-544","PrincipalType":"Group","RightName":"WriteOwner","AceType":"","IsInherited":true},{"PrincipalSID":"HTB.LOCAL-S-1-5-32-544","PrincipalType":"Group","RightName":"GenericWrite","AceType":"","IsInherited":true},{"PrincipalSID":"S-1-5-21-2648318136-3688571242-2924127574-1121","PrincipalType":"Unknown","RightName":"WriteProperty","AceType":"AddMember","IsInherited":true}]},{"Properties":{"highvalue":false,"name":"RDS MANAGEMENT SERVERS@HTB.LOCAL","domain":"HTB.LOCAL","objectid":"HTB.LOCAL-S-1-5-32-577","distinguishedname":"CN=RDS Management Servers,CN=Builtin,DC=HTB,DC=LOCAL","description":"Servers in this group can perform routine administrative actions on servers running Remote Desktop Services. This group needs to be populated on all servers in a Remote Desktop Services deployment. The servers running the RDS Central Management service must be included in this group.","admincount":false},"Members":[],"ObjectIdentifier":"HTB.LOCAL-S-1-5-32-577","Aces":[{"PrincipalSID":"HTB.LOCAL-S-1-5-32-544","PrincipalType":"Group","RightName":"Owner","AceType":"","IsInherited":false},{"PrincipalSID":"HTB.LOCAL-S-1-5-32-548","PrincipalType":"Group","RightName":"GenericAll","AceType":"","IsInherited":false},{"PrincipalSID":"S-1-5-21-2648318136-3688571242-2924127574-512","PrincipalType":"Group","RightName":"GenericAll","AceType":"","IsInherited":false},{"PrincipalSID":"S-1-5-21-2648318136-3688571242-2924127574-519","PrincipalType":"Group","RightName":"GenericAll","AceType":"","IsInherited":true},{"PrincipalSID":"HTB.LOCAL-S-1-5-32-544","PrincipalType":"Group","RightName":"WriteDacl","AceType":"","IsInherited":true},{"PrincipalSID":"HTB.LOCAL-S-1-5-32-544","PrincipalType":"Group","RightName":"WriteOwner","AceType":"","IsInherited":true},{"PrincipalSID":"HTB.LOCAL-S-1-5-32-544","PrincipalType":"Group","RightName":"GenericWrite","AceType":"","IsInherited":true},{"PrincipalSID":"S-1-5-21-2648318136-3688571242-2924127574-1121","PrincipalType":"Unknown","RightName":"WriteProperty","AceType":"AddMember","IsInherited":true}]},{"Properties":{"highvalue":false,"name":"WINRMREMOTEWMIUSERS__@HTB.LOCAL","domain":"HTB.LOCAL","objectid":"S-1-5-21-2648318136-3688571242-2924127574-1000","distinguishedname":"CN=WinRMRemoteWMIUsers__,CN=Users,DC=HTB,DC=LOCAL","description":"Members of this group can access WMI resources over management protocols (such as WS-Management via the Windows Remote Management service). This applies only to WMI namespaces that grant access to the user.","admincount":false},"Members":[],"ObjectIdentifier":"S-1-5-21-2648318136-3688571242-2924127574-1000","Aces":[{"PrincipalSID":"HTB.LOCAL-S-1-5-32-544","PrincipalType":"Group","RightName":"Owner","AceType":"","IsInherited":false},{"PrincipalSID":"HTB.LOCAL-S-1-5-32-548","PrincipalType":"Group","RightName":"GenericAll","AceType":"","IsInherited":false},{"PrincipalSID":"S-1-5-21-2648318136-3688571242-2924127574-512","PrincipalType":"Group","RightName":"GenericAll","AceType":"","IsInherited":false},{"PrincipalSID":"S-1-5-21-2648318136-3688571242-2924127574-1121","PrincipalType":"Unknown","RightName":"WriteProperty","AceType":"AddMember","IsInherited":true},{"PrincipalSID":"S-1-5-21-2648318136-3688571242-2924127574-519","PrincipalType":"Group","RightName":"GenericAll","AceType":"","IsInherited":true},{"PrincipalSID":"HTB.LOCAL-S-1-5-32-544","PrincipalType":"Group","RightName":"WriteDacl","AceType":"","IsInherited":true},{"PrincipalSID":"HTB.LOCAL-S-1-5-32-544","PrincipalType":"Group","RightName":"WriteOwner","AceType":"","IsInherited":true},{"PrincipalSID":"HTB.LOCAL-S-1-5-32-544","PrincipalType":"Group","RightName":"GenericWrite","AceType":"","IsInherited":true}]},{"Properties":{"highvalue":true,"name":"ACCOUNT OPERATORS@HTB.LOCAL","domain":"HTB.LOCAL","objectid":"HTB.LOCAL-S-1-5-32-548","distinguishedname":"CN=Account Operators,CN=Builtin,DC=HTB,DC=LOCAL","description":"Members can administer domain user and group accounts","admincount":true},"Members":[],"ObjectIdentifier":"HTB.LOCAL-S-1-5-32-548","Aces":[{"PrincipalSID":"S-1-5-21-2648318136-3688571242-2924127574-512","PrincipalType":"Group","RightName":"Owner","AceType":"","IsInherited":false},{"PrincipalSID":"HTB.LOCAL-S-1-5-32-544","PrincipalType":"Group","RightName":"WriteDacl","AceType":"","IsInherited":false},{"PrincipalSID":"HTB.LOCAL-S-1-5-32-544","PrincipalType":"Group","RightName":"WriteOwner","AceType":"","IsInherited":false},{"PrincipalSID":"HTB.LOCAL-S-1-5-32-544","PrincipalType":"Group","RightName":"GenericWrite","AceType":"","IsInherited":false},{"PrincipalSID":"S-1-5-21-2648318136-3688571242-2924127574-512","PrincipalType":"Group","RightName":"WriteDacl","AceType":"","IsInherited":false},{"PrincipalSID":"S-1-5-21-2648318136-3688571242-2924127574-512","PrincipalType":"Group","RightName":"WriteOwner","AceType":"","IsInherited":false},{"PrincipalSID":"S-1-5-21-2648318136-3688571242-2924127574-512","PrincipalType":"Group","RightName":"GenericWrite","AceType":"","IsInherited":false},{"PrincipalSID":"S-1-5-21-2648318136-3688571242-2924127574-519","PrincipalType":"Group","RightName":"WriteDacl","AceType":"","IsInherited":false},{"PrincipalSID":"S-1-5-21-2648318136-3688571242-2924127574-519","PrincipalType":"Group","RightName":"WriteOwner","AceType":"","IsInherited":false},{"PrincipalSID":"S-1-5-21-2648318136-3688571242-2924127574-519","PrincipalType":"Group","RightName":"GenericWrite","AceType":"","IsInherited":false}]},{"Properties":{"highvalue":false,"name":"INCOMING FOREST TRUST BUILDERS@HTB.LOCAL","domain":"HTB.LOCAL","objectid":"HTB.LOCAL-S-1-5-32-557","distinguishedname":"CN=Incoming Forest Trust Builders,CN=Builtin,DC=HTB,DC=LOCAL","description":"Members of this group can create incoming, one-way trusts to this forest","admincount":false},"Members":[],"ObjectIdentifier":"HTB.LOCAL-S-1-5-32-557","Aces":[{"PrincipalSID":"S-1-5-21-2648318136-3688571242-2924127574-512","PrincipalType":"Group","RightName":"Owner","AceType":"","IsInherited":false},{"PrincipalSID":"HTB.LOCAL-S-1-5-32-548","PrincipalType":"Group","RightName":"GenericAll","AceType":"","IsInherited":false},{"PrincipalSID":"S-1-5-21-2648318136-3688571242-2924127574-512","PrincipalType":"Group","RightName":"GenericAll","AceType":"","IsInherited":false},{"PrincipalSID":"S-1-5-21-2648318136-3688571242-2924127574-519","PrincipalType":"Group","RightName":"GenericAll","AceType":"","IsInherited":true},{"PrincipalSID":"HTB.LOCAL-S-1-5-32-544","PrincipalType":"Group","RightName":"WriteDacl","AceType":"","IsInherited":true},{"PrincipalSID":"HTB.LOCAL-S-1-5-32-544","PrincipalType":"Group","RightName":"WriteOwner","AceType":"","IsInherited":true},{"PrincipalSID":"HTB.LOCAL-S-1-5-32-544","PrincipalType":"Group","RightName":"GenericWrite","AceType":"","IsInherited":true},{"PrincipalSID":"S-1-5-21-2648318136-3688571242-2924127574-1121","PrincipalType":"Unknown","RightName":"WriteProperty","AceType":"AddMember","IsInherited":true}]},{"Properties":{"highvalue":false,"name":"REMOTE MANAGEMENT USERS@HTB.LOCAL","domain":"HTB.LOCAL","objectid":"HTB.LOCAL-S-1-5-32-580","distinguishedname":"CN=Remote Management Users,CN=Builtin,DC=HTB,DC=LOCAL","description":"Members of this group can access WMI resources over management protocols (such as WS-Management via the Windows Remote Management service). This applies only to WMI namespaces that grant access to the user.","admincount":false},"Members":[],"ObjectIdentifier":"HTB.LOCAL-S-1-5-32-580","Aces":[{"PrincipalSID":"HTB.LOCAL-S-1-5-32-544","PrincipalType":"Group","RightName":"Owner","AceType":"","IsInherited":false},{"PrincipalSID":"HTB.LOCAL-S-1-5-32-548","PrincipalType":"Group","RightName":"GenericAll","AceType":"","IsInherited":false},{"PrincipalSID":"S-1-5-21-2648318136-3688571242-2924127574-512","PrincipalType":"Group","RightName":"GenericAll","AceType":"","IsInherited":false},{"PrincipalSID":"S-1-5-21-2648318136-3688571242-2924127574-519","PrincipalType":"Group","RightName":"GenericAll","AceType":"","IsInherited":true},{"PrincipalSID":"HTB.LOCAL-S-1-5-32-544","PrincipalType":"Group","RightName":"WriteDacl","AceType":"","IsInherited":true},{"PrincipalSID":"HTB.LOCAL-S-1-5-32-544","PrincipalType":"Group","RightName":"WriteOwner","AceType":"","IsInherited":true},{"PrincipalSID":"HTB.LOCAL-S-1-5-32-544","PrincipalType":"Group","RightName":"GenericWrite","AceType":"","IsInherited":true},{"PrincipalSID":"S-1-5-21-2648318136-3688571242-2924127574-1121","PrincipalType":"Unknown","RightName":"WriteProperty","AceType":"AddMember","IsInherited":true}]},{"Properties":{"highvalue":false,"name":"TERMINAL SERVER LICENSE SERVERS@HTB.LOCAL","domain":"HTB.LOCAL","objectid":"HTB.LOCAL-S-1-5-32-561","distinguishedname":"CN=Terminal Server License Servers,CN=Builtin,DC=HTB,DC=LOCAL","description":"Members of this group can update user accounts in Active Directory with information about license issuance, for the purpose of tracking and reporting TS Per User CAL usage","admincount":false},"Members":[],"ObjectIdentifier":"HTB.LOCAL-S-1-5-32-561","Aces":[{"PrincipalSID":"S-1-5-21-2648318136-3688571242-2924127574-512","PrincipalType":"Group","RightName":"Owner","AceType":"","IsInherited":false},{"PrincipalSID":"HTB.LOCAL-S-1-5-32-548","PrincipalType":"Group","RightName":"GenericAll","AceType":"","IsInherited":false},{"PrincipalSID":"S-1-5-21-2648318136-3688571242-2924127574-512","PrincipalType":"Group","RightName":"GenericAll","AceType":"","IsInherited":false},{"PrincipalSID":"S-1-5-21-2648318136-3688571242-2924127574-519","PrincipalType":"Group","RightName":"GenericAll","AceType":"","IsInherited":true},{"PrincipalSID":"HTB.LOCAL-S-1-5-32-544","PrincipalType":"Group","RightName":"WriteDacl","AceType":"","IsInherited":true},{"PrincipalSID":"HTB.LOCAL-S-1-5-32-544","PrincipalType":"Group","RightName":"WriteOwner","AceType":"","IsInherited":true},{"PrincipalSID":"HTB.LOCAL-S-1-5-32-544","PrincipalType":"Group","RightName":"GenericWrite","AceType":"","IsInherited":true},{"PrincipalSID":"S-1-5-21-2648318136-3688571242-2924127574-1121","PrincipalType":"Unknown","RightName":"WriteProperty","AceType":"AddMember","IsInherited":true}]},{"Properties":{"highvalue":false,"name":"PERFORMANCE MONITOR USERS@HTB.LOCAL","domain":"HTB.LOCAL","objectid":"HTB.LOCAL-S-1-5-32-558","distinguishedname":"CN=Performance Monitor Users,CN=Builtin,DC=HTB,DC=LOCAL","description":"Members of this group can access performance counter data locally and remotely","admincount":false},"Members":[{"MemberId":"S-1-5-21-2648318136-3688571242-2924127574-1133","MemberType":"User"},{"MemberId":"S-1-5-21-2648318136-3688571242-2924127574-1105","MemberType":"User"}],"ObjectIdentifier":"HTB.LOCAL-S-1-5-32-558","Aces":[{"PrincipalSID":"HTB.LOCAL-S-1-5-32-544","PrincipalType":"Group","RightName":"Owner","AceType":"","IsInherited":false},{"PrincipalSID":"HTB.LOCAL-S-1-5-32-548","PrincipalType":"Group","RightName":"GenericAll","AceType":"","IsInherited":false},{"PrincipalSID":"S-1-5-21-2648318136-3688571242-2924127574-512","PrincipalType":"Group","RightName":"GenericAll","AceType":"","IsInherited":false},{"PrincipalSID":"S-1-5-21-2648318136-3688571242-2924127574-519","PrincipalType":"Group","RightName":"GenericAll","AceType":"","IsInherited":true},{"PrincipalSID":"HTB.LOCAL-S-1-5-32-544","PrincipalType":"Group","RightName":"WriteDacl","AceType":"","IsInherited":true},{"PrincipalSID":"HTB.LOCAL-S-1-5-32-544","PrincipalType":"Group","RightName":"WriteOwner","AceType":"","IsInherited":true},{"PrincipalSID":"HTB.LOCAL-S-1-5-32-544","PrincipalType":"Group","RightName":"GenericWrite","AceType":"","IsInherited":true},{"PrincipalSID":"S-1-5-21-2648318136-3688571242-2924127574-1121","PrincipalType":"Unknown","RightName":"WriteProperty","AceType":"AddMember","IsInherited":true}]},{"Properties":{"highvalue":false,"name":"DENIED RODC PASSWORD REPLICATION GROUP@HTB.LOCAL","domain":"HTB.LOCAL","objectid":"S-1-5-21-2648318136-3688571242-2924127574-572","distinguishedname":"CN=Denied RODC Password Replication Group,CN=Users,DC=HTB,DC=LOCAL","description":"Members in this group cannot have their passwords replicated to any read-only domain controllers in the domain","admincount":false},"Members":[{"MemberId":"S-1-5-21-2648318136-3688571242-2924127574-521","MemberType":"Group"},{"MemberId":"S-1-5-21-2648318136-3688571242-2924127574-520","MemberType":"Group"},{"MemberId":"S-1-5-21-2648318136-3688571242-2924127574-512","MemberType":"Group"},{"MemberId":"S-1-5-21-2648318136-3688571242-2924127574-517","MemberType":"Group"},{"MemberId":"S-1-5-21-2648318136-3688571242-2924127574-519","MemberType":"Group"},{"MemberId":"S-1-5-21-2648318136-3688571242-2924127574-518","MemberType":"Group"},{"MemberId":"S-1-5-21-2648318136-3688571242-2924127574-516","MemberType":"Group"},{"MemberId":"S-1-5-21-2648318136-3688571242-2924127574-502","MemberType":"User"}],"ObjectIdentifier":"S-1-5-21-2648318136-3688571242-2924127574-572","Aces":[{"PrincipalSID":"S-1-5-21-2648318136-3688571242-2924127574-512","PrincipalType":"Group","RightName":"Owner","AceType":"","IsInherited":false},{"PrincipalSID":"HTB.LOCAL-S-1-5-32-548","PrincipalType":"Group","RightName":"GenericAll","AceType":"","IsInherited":false},{"PrincipalSID":"S-1-5-21-2648318136-3688571242-2924127574-512","PrincipalType":"Group","RightName":"GenericAll","AceType":"","IsInherited":false},{"PrincipalSID":"S-1-5-21-2648318136-3688571242-2924127574-1121","PrincipalType":"Unknown","RightName":"WriteProperty","AceType":"AddMember","IsInherited":true},{"PrincipalSID":"S-1-5-21-2648318136-3688571242-2924127574-519","PrincipalType":"Group","RightName":"GenericAll","AceType":"","IsInherited":true},{"PrincipalSID":"HTB.LOCAL-S-1-5-32-544","PrincipalType":"Group","RightName":"WriteDacl","AceType":"","IsInherited":true},{"PrincipalSID":"HTB.LOCAL-S-1-5-32-544","PrincipalType":"Group","RightName":"WriteOwner","AceType":"","IsInherited":true},{"PrincipalSID":"HTB.LOCAL-S-1-5-32-544","PrincipalType":"Group","RightName":"GenericWrite","AceType":"","IsInherited":true}]},{"Properties":{"highvalue":false,"name":"SCHEMA ADMINS@HTB.LOCAL","domain":"HTB.LOCAL","objectid":"S-1-5-21-2648318136-3688571242-2924127574-518","distinguishedname":"CN=Schema Admins,CN=Users,DC=HTB,DC=LOCAL","description":"Designated administrators of the schema","admincount":true},"Members":[{"MemberId":"S-1-5-21-2648318136-3688571242-2924127574-500","MemberType":"User"}],"ObjectIdentifier":"S-1-5-21-2648318136-3688571242-2924127574-518","Aces":[{"PrincipalSID":"S-1-5-21-2648318136-3688571242-2924127574-512","PrincipalType":"Group","RightName":"Owner","AceType":"","IsInherited":false},{"PrincipalSID":"HTB.LOCAL-S-1-5-32-544","PrincipalType":"Group","RightName":"WriteDacl","AceType":"","IsInherited":false},{"PrincipalSID":"HTB.LOCAL-S-1-5-32-544","PrincipalType":"Group","RightName":"WriteOwner","AceType":"","IsInherited":false},{"PrincipalSID":"HTB.LOCAL-S-1-5-32-544","PrincipalType":"Group","RightName":"GenericWrite","AceType":"","IsInherited":false},{"PrincipalSID":"S-1-5-21-2648318136-3688571242-2924127574-512","PrincipalType":"Group","RightName":"WriteDacl","AceType":"","IsInherited":false},{"PrincipalSID":"S-1-5-21-2648318136-3688571242-2924127574-512","PrincipalType":"Group","RightName":"WriteOwner","AceType":"","IsInherited":false},{"PrincipalSID":"S-1-5-21-2648318136-3688571242-2924127574-512","PrincipalType":"Group","RightName":"GenericWrite","AceType":"","IsInherited":false},{"PrincipalSID":"S-1-5-21-2648318136-3688571242-2924127574-519","PrincipalType":"Group","RightName":"WriteDacl","AceType":"","IsInherited":false},{"PrincipalSID":"S-1-5-21-2648318136-3688571242-2924127574-519","PrincipalType":"Group","RightName":"WriteOwner","AceType":"","IsInherited":false},{"PrincipalSID":"S-1-5-21-2648318136-3688571242-2924127574-519","PrincipalType":"Group","RightName":"GenericWrite","AceType":"","IsInherited":false}]},{"Properties":{"highvalue":true,"name":"ENTERPRISE ADMINS@HTB.LOCAL","domain":"HTB.LOCAL","objectid":"S-1-5-21-2648318136-3688571242-2924127574-519","distinguishedname":"CN=Enterprise Admins,CN=Users,DC=HTB,DC=LOCAL","description":"Designated administrators of the enterprise","admincount":true},"Members":[{"MemberId":"S-1-5-21-2648318136-3688571242-2924127574-500","MemberType":"User"}],"ObjectIdentifier":"S-1-5-21-2648318136-3688571242-2924127574-519","Aces":[{"PrincipalSID":"S-1-5-21-2648318136-3688571242-2924127574-512","PrincipalType":"Group","RightName":"Owner","AceType":"","IsInherited":false},{"PrincipalSID":"HTB.LOCAL-S-1-5-32-544","PrincipalType":"Group","RightName":"WriteDacl","AceType":"","IsInherited":false},{"PrincipalSID":"HTB.LOCAL-S-1-5-32-544","PrincipalType":"Group","RightName":"WriteOwner","AceType":"","IsInherited":false},{"PrincipalSID":"HTB.LOCAL-S-1-5-32-544","PrincipalType":"Group","RightName":"GenericWrite","AceType":"","IsInherited":false},{"PrincipalSID":"S-1-5-21-2648318136-3688571242-2924127574-512","PrincipalType":"Group","RightName":"WriteDacl","AceType":"","IsInherited":false},{"PrincipalSID":"S-1-5-21-2648318136-3688571242-2924127574-512","PrincipalType":"Group","RightName":"WriteOwner","AceType":"","IsInherited":false},{"PrincipalSID":"S-1-5-21-2648318136-3688571242-2924127574-512","PrincipalType":"Group","RightName":"GenericWrite","AceType":"","IsInherited":false},{"PrincipalSID":"S-1-5-21-2648318136-3688571242-2924127574-519","PrincipalType":"Group","RightName":"WriteDacl","AceType":"","IsInherited":false},{"PrincipalSID":"S-1-5-21-2648318136-3688571242-2924127574-519","PrincipalType":"Group","RightName":"WriteOwner","AceType":"","IsInherited":false},{"PrincipalSID":"S-1-5-21-2648318136-3688571242-2924127574-519","PrincipalType":"Group","RightName":"GenericWrite","AceType":"","IsInherited":false}]},{"Properties":{"highvalue":true,"name":"DOMAIN ADMINS@HTB.LOCAL","domain":"HTB.LOCAL","objectid":"S-1-5-21-2648318136-3688571242-2924127574-512","distinguishedname":"CN=Domain Admins,CN=Users,DC=HTB,DC=LOCAL","description":"Designated administrators of the domain","admincount":true},"Members":[{"MemberId":"S-1-5-21-2648318136-3688571242-2924127574-1141","MemberType":"User"},{"MemberId":"S-1-5-21-2648318136-3688571242-2924127574-1140","MemberType":"User"},{"MemberId":"S-1-5-21-2648318136-3688571242-2924127574-500","MemberType":"User"}],"ObjectIdentifier":"S-1-5-21-2648318136-3688571242-2924127574-512","Aces":[{"PrincipalSID":"S-1-5-21-2648318136-3688571242-2924127574-512","PrincipalType":"Group","RightName":"Owner","AceType":"","IsInherited":false},{"PrincipalSID":"HTB.LOCAL-S-1-5-32-544","PrincipalType":"Group","RightName":"WriteDacl","AceType":"","IsInherited":false},{"PrincipalSID":"HTB.LOCAL-S-1-5-32-544","PrincipalType":"Group","RightName":"WriteOwner","AceType":"","IsInherited":false},{"PrincipalSID":"HTB.LOCAL-S-1-5-32-544","PrincipalType":"Group","RightName":"GenericWrite","AceType":"","IsInherited":false},{"PrincipalSID":"S-1-5-21-2648318136-3688571242-2924127574-512","PrincipalType":"Group","RightName":"WriteDacl","AceType":"","IsInherited":false},{"PrincipalSID":"S-1-5-21-2648318136-3688571242-2924127574-512","PrincipalType":"Group","RightName":"WriteOwner","AceType":"","IsInherited":false},{"PrincipalSID":"S-1-5-21-2648318136-3688571242-2924127574-512","PrincipalType":"Group","RightName":"GenericWrite","AceType":"","IsInherited":false},{"PrincipalSID":"S-1-5-21-2648318136-3688571242-2924127574-519","PrincipalType":"Group","RightName":"WriteDacl","AceType":"","IsInherited":false},{"PrincipalSID":"S-1-5-21-2648318136-3688571242-2924127574-519","PrincipalType":"Group","RightName":"WriteOwner","AceType":"","IsInherited":false},{"PrincipalSID":"S-1-5-21-2648318136-3688571242-2924127574-519","PrincipalType":"Group","RightName":"GenericWrite","AceType":"","IsInherited":false}]},{"Properties":{"highvalue":true,"name":"GROUP POLICY CREATOR OWNERS@HTB.LOCAL","domain":"HTB.LOCAL","objectid":"S-1-5-21-2648318136-3688571242-2924127574-520","distinguishedname":"CN=Group Policy Creator Owners,CN=Users,DC=HTB,DC=LOCAL","description":"Members in this group can modify group policy for the domain","admincount":false},"Members":[{"MemberId":"S-1-5-21-2648318136-3688571242-2924127574-500","MemberType":"User"}],"ObjectIdentifier":"S-1-5-21-2648318136-3688571242-2924127574-520","Aces":[{"PrincipalSID":"S-1-5-21-2648318136-3688571242-2924127574-512","PrincipalType":"Group","RightName":"Owner","AceType":"","IsInherited":false},{"PrincipalSID":"HTB.LOCAL-S-1-5-32-548","PrincipalType":"Group","RightName":"GenericAll","AceType":"","IsInherited":false},{"PrincipalSID":"S-1-5-21-2648318136-3688571242-2924127574-512","PrincipalType":"Group","RightName":"GenericAll","AceType":"","IsInherited":false},{"PrincipalSID":"S-1-5-21-2648318136-3688571242-2924127574-1121","PrincipalType":"Unknown","RightName":"WriteProperty","AceType":"AddMember","IsInherited":true},{"PrincipalSID":"S-1-5-21-2648318136-3688571242-2924127574-519","PrincipalType":"Group","RightName":"GenericAll","AceType":"","IsInherited":true},{"PrincipalSID":"HTB.LOCAL-S-1-5-32-544","PrincipalType":"Group","RightName":"WriteDacl","AceType":"","IsInherited":true},{"PrincipalSID":"HTB.LOCAL-S-1-5-32-544","PrincipalType":"Group","RightName":"WriteOwner","AceType":"","IsInherited":true},{"PrincipalSID":"HTB.LOCAL-S-1-5-32-544","PrincipalType":"Group","RightName":"GenericWrite","AceType":"","IsInherited":true}]},{"Properties":{"highvalue":false,"name":"RDS ENDPOINT SERVERS@HTB.LOCAL","domain":"HTB.LOCAL","objectid":"HTB.LOCAL-S-1-5-32-576","distinguishedname":"CN=RDS Endpoint Servers,CN=Builtin,DC=HTB,DC=LOCAL","description":"Servers in this group run virtual machines and host sessions where users RemoteApp programs and personal virtual desktops run. This group needs to be populated on servers running RD Connection Broker. RD Session Host servers and RD Virtualization Host servers used in the deployment need to be in this group.","admincount":false},"Members":[],"ObjectIdentifier":"HTB.LOCAL-S-1-5-32-576","Aces":[{"PrincipalSID":"HTB.LOCAL-S-1-5-32-544","PrincipalType":"Group","RightName":"Owner","AceType":"","IsInherited":false},{"PrincipalSID":"HTB.LOCAL-S-1-5-32-548","PrincipalType":"Group","RightName":"GenericAll","AceType":"","IsInherited":false},{"PrincipalSID":"S-1-5-21-2648318136-3688571242-2924127574-512","PrincipalType":"Group","RightName":"GenericAll","AceType":"","IsInherited":false},{"PrincipalSID":"S-1-5-21-2648318136-3688571242-2924127574-519","PrincipalType":"Group","RightName":"GenericAll","AceType":"","IsInherited":true},{"PrincipalSID":"HTB.LOCAL-S-1-5-32-544","PrincipalType":"Group","RightName":"WriteDacl","AceType":"","IsInherited":true},{"PrincipalSID":"HTB.LOCAL-S-1-5-32-544","PrincipalType":"Group","RightName":"WriteOwner","AceType":"","IsInherited":true},{"PrincipalSID":"HTB.LOCAL-S-1-5-32-544","PrincipalType":"Group","RightName":"GenericWrite","AceType":"","IsInherited":true},{"PrincipalSID":"S-1-5-21-2648318136-3688571242-2924127574-1121","PrincipalType":"Unknown","RightName":"WriteProperty","AceType":"AddMember","IsInherited":true}]},{"Properties":{"highvalue":false,"name":"DNSADMINS@HTB.LOCAL","domain":"HTB.LOCAL","objectid":"S-1-5-21-2648318136-3688571242-2924127574-1102","distinguishedname":"CN=DnsAdmins,CN=Users,DC=HTB,DC=LOCAL","description":"DNS Administrators Group","admincount":false},"Members":[],"ObjectIdentifier":"S-1-5-21-2648318136-3688571242-2924127574-1102","Aces":[{"PrincipalSID":"HTB.LOCAL-S-1-5-32-548","PrincipalType":"Group","RightName":"GenericAll","AceType":"","IsInherited":false},{"PrincipalSID":"S-1-5-21-2648318136-3688571242-2924127574-512","PrincipalType":"Group","RightName":"GenericAll","AceType":"","IsInherited":false},{"PrincipalSID":"S-1-5-21-2648318136-3688571242-2924127574-1121","PrincipalType":"Unknown","RightName":"WriteProperty","AceType":"AddMember","IsInherited":true},{"PrincipalSID":"S-1-5-21-2648318136-3688571242-2924127574-519","PrincipalType":"Group","RightName":"GenericAll","AceType":"","IsInherited":true},{"PrincipalSID":"HTB.LOCAL-S-1-5-32-544","PrincipalType":"Group","RightName":"WriteDacl","AceType":"","IsInherited":true},{"PrincipalSID":"HTB.LOCAL-S-1-5-32-544","PrincipalType":"Group","RightName":"WriteOwner","AceType":"","IsInherited":true},{"PrincipalSID":"HTB.LOCAL-S-1-5-32-544","PrincipalType":"Group","RightName":"GenericWrite","AceType":"","IsInherited":true}]},{"Properties":{"highvalue":false,"name":"DOMAIN USERS@HTB.LOCAL","domain":"HTB.LOCAL","objectid":"S-1-5-21-2648318136-3688571242-2924127574-513","distinguishedname":"CN=Domain Users,CN=Users,DC=HTB,DC=LOCAL","description":"All domain users","admincount":false},"Members":[],"ObjectIdentifier":"S-1-5-21-2648318136-3688571242-2924127574-513","Aces":[{"PrincipalSID":"S-1-5-21-2648318136-3688571242-2924127574-512","PrincipalType":"Group","RightName":"Owner","AceType":"","IsInherited":false},{"PrincipalSID":"HTB.LOCAL-S-1-5-32-548","PrincipalType":"Group","RightName":"GenericAll","AceType":"","IsInherited":false},{"PrincipalSID":"S-1-5-21-2648318136-3688571242-2924127574-512","PrincipalType":"Group","RightName":"GenericAll","AceType":"","IsInherited":false},{"PrincipalSID":"S-1-5-21-2648318136-3688571242-2924127574-1121","PrincipalType":"Unknown","RightName":"WriteProperty","AceType":"AddMember","IsInherited":true},{"PrincipalSID":"S-1-5-21-2648318136-3688571242-2924127574-519","PrincipalType":"Group","RightName":"GenericAll","AceType":"","IsInherited":true},{"PrincipalSID":"HTB.LOCAL-S-1-5-32-544","PrincipalType":"Group","RightName":"WriteDacl","AceType":"","IsInherited":true},{"PrincipalSID":"HTB.LOCAL-S-1-5-32-544","PrincipalType":"Group","RightName":"WriteOwner","AceType":"","IsInherited":true},{"PrincipalSID":"HTB.LOCAL-S-1-5-32-544","PrincipalType":"Group","RightName":"GenericWrite","AceType":"","IsInherited":true}]},{"Properties":{"highvalue":false,"name":"READ-ONLY DOMAIN CONTROLLERS@HTB.LOCAL","domain":"HTB.LOCAL","objectid":"S-1-5-21-2648318136-3688571242-2924127574-521","distinguishedname":"CN=Read-only Domain Controllers,CN=Users,DC=HTB,DC=LOCAL","description":"Members of this group are Read-Only Domain Controllers in the domain","admincount":true},"Members":[],"ObjectIdentifier":"S-1-5-21-2648318136-3688571242-2924127574-521","Aces":[{"PrincipalSID":"S-1-5-21-2648318136-3688571242-2924127574-512","PrincipalType":"Group","RightName":"Owner","AceType":"","IsInherited":false},{"PrincipalSID":"HTB.LOCAL-S-1-5-32-544","PrincipalType":"Group","RightName":"WriteDacl","AceType":"","IsInherited":false},{"PrincipalSID":"HTB.LOCAL-S-1-5-32-544","PrincipalType":"Group","RightName":"WriteOwner","AceType":"","IsInherited":false},{"PrincipalSID":"HTB.LOCAL-S-1-5-32-544","PrincipalType":"Group","RightName":"GenericWrite","AceType":"","IsInherited":false},{"PrincipalSID":"S-1-5-21-2648318136-3688571242-2924127574-512","PrincipalType":"Group","RightName":"WriteDacl","AceType":"","IsInherited":false},{"PrincipalSID":"S-1-5-21-2648318136-3688571242-2924127574-512","PrincipalType":"Group","RightName":"WriteOwner","AceType":"","IsInherited":false},{"PrincipalSID":"S-1-5-21-2648318136-3688571242-2924127574-512","PrincipalType":"Group","RightName":"GenericWrite","AceType":"","IsInherited":false},{"PrincipalSID":"S-1-5-21-2648318136-3688571242-2924127574-519","PrincipalType":"Group","RightName":"WriteDacl","AceType":"","IsInherited":false},{"PrincipalSID":"S-1-5-21-2648318136-3688571242-2924127574-519","PrincipalType":"Group","RightName":"WriteOwner","AceType":"","IsInherited":false},{"PrincipalSID":"S-1-5-21-2648318136-3688571242-2924127574-519","PrincipalType":"Group","RightName":"GenericWrite","AceType":"","IsInherited":false}]},{"Properties":{"highvalue":false,"name":"DOMAIN GUESTS@HTB.LOCAL","domain":"HTB.LOCAL","objectid":"S-1-5-21-2648318136-3688571242-2924127574-514","distinguishedname":"CN=Domain Guests,CN=Users,DC=HTB,DC=LOCAL","description":"All domain guests","admincount":false},"Members":[],"ObjectIdentifier":"S-1-5-21-2648318136-3688571242-2924127574-514","Aces":[{"PrincipalSID":"S-1-5-21-2648318136-3688571242-2924127574-512","PrincipalType":"Group","RightName":"Owner","AceType":"","IsInherited":false},{"PrincipalSID":"HTB.LOCAL-S-1-5-32-548","PrincipalType":"Group","RightName":"GenericAll","AceType":"","IsInherited":false},{"PrincipalSID":"S-1-5-21-2648318136-3688571242-2924127574-512","PrincipalType":"Group","RightName":"GenericAll","AceType":"","IsInherited":false},{"PrincipalSID":"S-1-5-21-2648318136-3688571242-2924127574-1121","PrincipalType":"Unknown","RightName":"WriteProperty","AceType":"AddMember","IsInherited":true},{"PrincipalSID":"S-1-5-21-2648318136-3688571242-2924127574-519","PrincipalType":"Group","RightName":"GenericAll","AceType":"","IsInherited":true},{"PrincipalSID":"HTB.LOCAL-S-1-5-32-544","PrincipalType":"Group","RightName":"WriteDacl","AceType":"","IsInherited":true},{"PrincipalSID":"HTB.LOCAL-S-1-5-32-544","PrincipalType":"Group","RightName":"WriteOwner","AceType":"","IsInherited":true},{"PrincipalSID":"HTB.LOCAL-S-1-5-32-544","PrincipalType":"Group","RightName":"GenericWrite","AceType":"","IsInherited":true}]},{"Properties":{"highvalue":false,"name":"ENTERPRISE READ-ONLY DOMAIN CONTROLLERS@HTB.LOCAL","domain":"HTB.LOCAL","objectid":"S-1-5-21-2648318136-3688571242-2924127574-498","distinguishedname":"CN=Enterprise Read-only Domain Controllers,CN=Users,DC=HTB,DC=LOCAL","description":"Members of this group are Read-Only Domain Controllers in the enterprise","admincount":false},"Members":[],"ObjectIdentifier":"S-1-5-21-2648318136-3688571242-2924127574-498","Aces":[{"PrincipalSID":"S-1-5-21-2648318136-3688571242-2924127574-512","PrincipalType":"Group","RightName":"Owner","AceType":"","IsInherited":false},{"PrincipalSID":"HTB.LOCAL-S-1-5-32-548","PrincipalType":"Group","RightName":"GenericAll","AceType":"","IsInherited":false},{"PrincipalSID":"S-1-5-21-2648318136-3688571242-2924127574-512","PrincipalType":"Group","RightName":"GenericAll","AceType":"","IsInherited":false},{"PrincipalSID":"S-1-5-21-2648318136-3688571242-2924127574-1121","PrincipalType":"Unknown","RightName":"WriteProperty","AceType":"AddMember","IsInherited":true},{"PrincipalSID":"S-1-5-21-2648318136-3688571242-2924127574-519","PrincipalType":"Group","RightName":"GenericAll","AceType":"","IsInherited":true},{"PrincipalSID":"HTB.LOCAL-S-1-5-32-544","PrincipalType":"Group","RightName":"WriteDacl","AceType":"","IsInherited":true},{"PrincipalSID":"HTB.LOCAL-S-1-5-32-544","PrincipalType":"Group","RightName":"WriteOwner","AceType":"","IsInherited":true},{"PrincipalSID":"HTB.LOCAL-S-1-5-32-544","PrincipalType":"Group","RightName":"GenericWrite","AceType":"","IsInherited":true}]},{"Properties":{"highvalue":true,"name":"DOMAIN CONTROLLERS@HTB.LOCAL","domain":"HTB.LOCAL","objectid":"S-1-5-21-2648318136-3688571242-2924127574-516","distinguishedname":"CN=Domain Controllers,CN=Users,DC=HTB,DC=LOCAL","description":"All domain controllers in the domain","admincount":true},"Members":[],"ObjectIdentifier":"S-1-5-21-2648318136-3688571242-2924127574-516","Aces":[{"PrincipalSID":"S-1-5-21-2648318136-3688571242-2924127574-512","PrincipalType":"Group","RightName":"Owner","AceType":"","IsInherited":false},{"PrincipalSID":"HTB.LOCAL-S-1-5-32-544","PrincipalType":"Group","RightName":"WriteDacl","AceType":"","IsInherited":false},{"PrincipalSID":"HTB.LOCAL-S-1-5-32-544","PrincipalType":"Group","RightName":"WriteOwner","AceType":"","IsInherited":false},{"PrincipalSID":"HTB.LOCAL-S-1-5-32-544","PrincipalType":"Group","RightName":"GenericWrite","AceType":"","IsInherited":false},{"PrincipalSID":"S-1-5-21-2648318136-3688571242-2924127574-512","PrincipalType":"Group","RightName":"WriteDacl","AceType":"","IsInherited":false},{"PrincipalSID":"S-1-5-21-2648318136-3688571242-2924127574-512","PrincipalType":"Group","RightName":"WriteOwner","AceType":"","IsInherited":false},{"PrincipalSID":"S-1-5-21-2648318136-3688571242-2924127574-512","PrincipalType":"Group","RightName":"GenericWrite","AceType":"","IsInherited":false},{"PrincipalSID":"S-1-5-21-2648318136-3688571242-2924127574-519","PrincipalType":"Group","RightName":"WriteDacl","AceType":"","IsInherited":false},{"PrincipalSID":"S-1-5-21-2648318136-3688571242-2924127574-519","PrincipalType":"Group","RightName":"WriteOwner","AceType":"","IsInherited":false},{"PrincipalSID":"S-1-5-21-2648318136-3688571242-2924127574-519","PrincipalType":"Group","RightName":"GenericWrite","AceType":"","IsInherited":false}]},{"Properties":{"highvalue":false,"name":"PROTECTED USERS@HTB.LOCAL","domain":"HTB.LOCAL","objectid":"S-1-5-21-2648318136-3688571242-2924127574-525","distinguishedname":"CN=Protected Users,CN=Users,DC=HTB,DC=LOCAL","description":"Members of this group are afforded additional protections against authentication security threats. See http://go.microsoft.com/fwlink/?LinkId=298939 for more information.","admincount":false},"Members":[],"ObjectIdentifier":"S-1-5-21-2648318136-3688571242-2924127574-525","Aces":[{"PrincipalSID":"S-1-5-21-2648318136-3688571242-2924127574-512","PrincipalType":"Group","RightName":"Owner","AceType":"","IsInherited":false},{"PrincipalSID":"HTB.LOCAL-S-1-5-32-548","PrincipalType":"Group","RightName":"GenericAll","AceType":"","IsInherited":false},{"PrincipalSID":"S-1-5-21-2648318136-3688571242-2924127574-512","PrincipalType":"Group","RightName":"GenericAll","AceType":"","IsInherited":false},{"PrincipalSID":"S-1-5-21-2648318136-3688571242-2924127574-1121","PrincipalType":"Unknown","RightName":"WriteProperty","AceType":"AddMember","IsInherited":true},{"PrincipalSID":"S-1-5-21-2648318136-3688571242-2924127574-519","PrincipalType":"Group","RightName":"GenericAll","AceType":"","IsInherited":true},{"PrincipalSID":"HTB.LOCAL-S-1-5-32-544","PrincipalType":"Group","RightName":"WriteDacl","AceType":"","IsInherited":true},{"PrincipalSID":"HTB.LOCAL-S-1-5-32-544","PrincipalType":"Group","RightName":"WriteOwner","AceType":"","IsInherited":true},{"PrincipalSID":"HTB.LOCAL-S-1-5-32-544","PrincipalType":"Group","RightName":"GenericWrite","AceType":"","IsInherited":true}]},{"Properties":{"highvalue":false,"name":"DOMAIN COMPUTERS@HTB.LOCAL","domain":"HTB.LOCAL","objectid":"S-1-5-21-2648318136-3688571242-2924127574-515","distinguishedname":"CN=Domain Computers,CN=Users,DC=HTB,DC=LOCAL","description":"All workstations and servers joined to the domain","admincount":false},"Members":[],"ObjectIdentifier":"S-1-5-21-2648318136-3688571242-2924127574-515","Aces":[{"PrincipalSID":"S-1-5-21-2648318136-3688571242-2924127574-512","PrincipalType":"Group","RightName":"Owner","AceType":"","IsInherited":false},{"PrincipalSID":"HTB.LOCAL-S-1-5-32-548","PrincipalType":"Group","RightName":"GenericAll","AceType":"","IsInherited":false},{"PrincipalSID":"S-1-5-21-2648318136-3688571242-2924127574-512","PrincipalType":"Group","RightName":"GenericAll","AceType":"","IsInherited":false},{"PrincipalSID":"S-1-5-21-2648318136-3688571242-2924127574-1121","PrincipalType":"Unknown","RightName":"WriteProperty","AceType":"AddMember","IsInherited":true},{"PrincipalSID":"S-1-5-21-2648318136-3688571242-2924127574-519","PrincipalType":"Group","RightName":"GenericAll","AceType":"","IsInherited":true},{"PrincipalSID":"HTB.LOCAL-S-1-5-32-544","PrincipalType":"Group","RightName":"WriteDacl","AceType":"","IsInherited":true},{"PrincipalSID":"HTB.LOCAL-S-1-5-32-544","PrincipalType":"Group","RightName":"WriteOwner","AceType":"","IsInherited":true},{"PrincipalSID":"HTB.LOCAL-S-1-5-32-544","PrincipalType":"Group","RightName":"GenericWrite","AceType":"","IsInherited":true}]},{"Properties":{"highvalue":false,"name":"BACKUP_ADMINS@HTB.LOCAL","domain":"HTB.LOCAL","objectid":"S-1-5-21-2648318136-3688571242-2924127574-1135","distinguishedname":"CN=Backup_Admins,OU=Groups,DC=HTB,DC=LOCAL","description":null,"admincount":false},"Members":[{"MemberId":"S-1-5-21-2648318136-3688571242-2924127574-1136","MemberType":"User"}],"ObjectIdentifier":"S-1-5-21-2648318136-3688571242-2924127574-1135","Aces":[{"PrincipalSID":"S-1-5-21-2648318136-3688571242-2924127574-512","PrincipalType":"Group","RightName":"Owner","AceType":"","IsInherited":false},{"PrincipalSID":"HTB.LOCAL-S-1-5-32-544","PrincipalType":"Group","RightName":"WriteDacl","AceType":"","IsInherited":false},{"PrincipalSID":"HTB.LOCAL-S-1-5-32-544","PrincipalType":"Group","RightName":"WriteOwner","AceType":"","IsInherited":false},{"PrincipalSID":"HTB.LOCAL-S-1-5-32-544","PrincipalType":"Group","RightName":"GenericWrite","AceType":"","IsInherited":false},{"PrincipalSID":"HTB.LOCAL-S-1-5-32-548","PrincipalType":"Group","RightName":"GenericAll","AceType":"","IsInherited":false},{"PrincipalSID":"S-1-5-21-2648318136-3688571242-2924127574-512","PrincipalType":"Group","RightName":"GenericAll","AceType":"","IsInherited":false},{"PrincipalSID":"S-1-5-21-2648318136-3688571242-2924127574-519","PrincipalType":"Group","RightName":"GenericAll","AceType":"","IsInherited":false},{"PrincipalSID":"S-1-5-21-2648318136-3688571242-2924127574-1130","PrincipalType":"User","RightName":"WriteDacl","AceType":"","IsInherited":false},{"PrincipalSID":"S-1-5-21-2648318136-3688571242-2924127574-1130","PrincipalType":"User","RightName":"GenericWrite","AceType":"","IsInherited":false},{"PrincipalSID":"S-1-5-21-2648318136-3688571242-2924127574-1131","PrincipalType":"User","RightName":"WriteDacl","AceType":"","IsInherited":false},{"PrincipalSID":"S-1-5-21-2648318136-3688571242-2924127574-1131","PrincipalType":"User","RightName":"GenericWrite","AceType":"","IsInherited":false},{"PrincipalSID":"S-1-5-21-2648318136-3688571242-2924127574-1133","PrincipalType":"User","RightName":"WriteDacl","AceType":"","IsInherited":false},{"PrincipalSID":"S-1-5-21-2648318136-3688571242-2924127574-1133","PrincipalType":"User","RightName":"GenericWrite","AceType":"","IsInherited":false},{"PrincipalSID":"S-1-5-21-2648318136-3688571242-2924127574-1121","PrincipalType":"Unknown","RightName":"WriteProperty","AceType":"AddMember","IsInherited":false}]},{"Properties":{"highvalue":false,"name":"SQL_ADMINS@HTB.LOCAL","domain":"HTB.LOCAL","objectid":"S-1-5-21-2648318136-3688571242-2924127574-1144","distinguishedname":"CN=SQL_Admins,OU=Groups,DC=HTB,DC=LOCAL","description":null,"admincount":false},"Members":[{"MemberId":"S-1-5-21-2648318136-3688571242-2924127574-1132","MemberType":"User"}],"ObjectIdentifier":"S-1-5-21-2648318136-3688571242-2924127574-1144","Aces":[{"PrincipalSID":"S-1-5-21-2648318136-3688571242-2924127574-512","PrincipalType":"Group","RightName":"Owner","AceType":"","IsInherited":false},{"PrincipalSID":"HTB.LOCAL-S-1-5-32-548","PrincipalType":"Group","RightName":"GenericAll","AceType":"","IsInherited":false},{"PrincipalSID":"S-1-5-21-2648318136-3688571242-2924127574-512","PrincipalType":"Group","RightName":"GenericAll","AceType":"","IsInherited":false},{"PrincipalSID":"S-1-5-21-2648318136-3688571242-2924127574-1121","PrincipalType":"Unknown","RightName":"WriteProperty","AceType":"AddMember","IsInherited":true},{"PrincipalSID":"S-1-5-21-2648318136-3688571242-2924127574-519","PrincipalType":"Group","RightName":"GenericAll","AceType":"","IsInherited":true},{"PrincipalSID":"HTB.LOCAL-S-1-5-32-544","PrincipalType":"Group","RightName":"WriteDacl","AceType":"","IsInherited":true},{"PrincipalSID":"HTB.LOCAL-S-1-5-32-544","PrincipalType":"Group","RightName":"WriteOwner","AceType":"","IsInherited":true},{"PrincipalSID":"HTB.LOCAL-S-1-5-32-544","PrincipalType":"Group","RightName":"GenericWrite","AceType":"","IsInherited":true}]},{"Properties":{"highvalue":false,"name":"HELPDESK_ADMINS@HTB.LOCAL","domain":"HTB.LOCAL","objectid":"S-1-5-21-2648318136-3688571242-2924127574-1145","distinguishedname":"CN=HelpDesk_Admins,OU=Groups,DC=HTB,DC=LOCAL","description":null,"admincount":false},"Members":[{"MemberId":"S-1-5-21-2648318136-3688571242-2924127574-1132","MemberType":"User"},{"MemberId":"S-1-5-21-2648318136-3688571242-2924127574-1107","MemberType":"User"},{"MemberId":"S-1-5-21-2648318136-3688571242-2924127574-1105","MemberType":"User"}],"ObjectIdentifier":"S-1-5-21-2648318136-3688571242-2924127574-1145","Aces":[{"PrincipalSID":"S-1-5-21-2648318136-3688571242-2924127574-512","PrincipalType":"Group","RightName":"Owner","AceType":"","IsInherited":false},{"PrincipalSID":"HTB.LOCAL-S-1-5-32-548","PrincipalType":"Group","RightName":"GenericAll","AceType":"","IsInherited":false},{"PrincipalSID":"S-1-5-21-2648318136-3688571242-2924127574-512","PrincipalType":"Group","RightName":"GenericAll","AceType":"","IsInherited":false},{"PrincipalSID":"S-1-5-21-2648318136-3688571242-2924127574-1121","PrincipalType":"Unknown","RightName":"WriteProperty","AceType":"AddMember","IsInherited":true},{"PrincipalSID":"S-1-5-21-2648318136-3688571242-2924127574-519","PrincipalType":"Group","RightName":"GenericAll","AceType":"","IsInherited":true},{"PrincipalSID":"HTB.LOCAL-S-1-5-32-544","PrincipalType":"Group","RightName":"WriteDacl","AceType":"","IsInherited":true},{"PrincipalSID":"HTB.LOCAL-S-1-5-32-544","PrincipalType":"Group","RightName":"WriteOwner","AceType":"","IsInherited":true},{"PrincipalSID":"HTB.LOCAL-S-1-5-32-544","PrincipalType":"Group","RightName":"GenericWrite","AceType":"","IsInherited":true}]},{"Properties":{"highvalue":false,"name":"RESTRICTIONS@HTB.LOCAL","domain":"HTB.LOCAL","objectid":"S-1-5-21-2648318136-3688571242-2924127574-1146","distinguishedname":"CN=Restrictions,OU=Groups,DC=HTB,DC=LOCAL","description":null,"admincount":false},"Members":[{"MemberId":"S-1-5-21-2648318136-3688571242-2924127574-1133","MemberType":"User"},{"MemberId":"S-1-5-21-2648318136-3688571242-2924127574-1132","MemberType":"User"},{"MemberId":"S-1-5-21-2648318136-3688571242-2924127574-1131","MemberType":"User"},{"MemberId":"S-1-5-21-2648318136-3688571242-2924127574-1130","MemberType":"User"},{"MemberId":"S-1-5-21-2648318136-3688571242-2924127574-1107","MemberType":"User"},{"MemberId":"S-1-5-21-2648318136-3688571242-2924127574-1105","MemberType":"User"}],"ObjectIdentifier":"S-1-5-21-2648318136-3688571242-2924127574-1146","Aces":[{"PrincipalSID":"S-1-5-21-2648318136-3688571242-2924127574-512","PrincipalType":"Group","RightName":"Owner","AceType":"","IsInherited":false},{"PrincipalSID":"HTB.LOCAL-S-1-5-32-548","PrincipalType":"Group","RightName":"GenericAll","AceType":"","IsInherited":false},{"PrincipalSID":"S-1-5-21-2648318136-3688571242-2924127574-512","PrincipalType":"Group","RightName":"GenericAll","AceType":"","IsInherited":false},{"PrincipalSID":"S-1-5-21-2648318136-3688571242-2924127574-1121","PrincipalType":"Unknown","RightName":"WriteProperty","AceType":"AddMember","IsInherited":true},{"PrincipalSID":"S-1-5-21-2648318136-3688571242-2924127574-519","PrincipalType":"Group","RightName":"GenericAll","AceType":"","IsInherited":true},{"PrincipalSID":"HTB.LOCAL-S-1-5-32-544","PrincipalType":"Group","RightName":"WriteDacl","AceType":"","IsInherited":true},{"PrincipalSID":"HTB.LOCAL-S-1-5-32-544","PrincipalType":"Group","RightName":"WriteOwner","AceType":"","IsInherited":true},{"PrincipalSID":"HTB.LOCAL-S-1-5-32-544","PrincipalType":"Group","RightName":"GenericWrite","AceType":"","IsInherited":true}]},{"Properties":{"highvalue":false,"name":"FINANCE_USERS@HTB.LOCAL","domain":"HTB.LOCAL","objectid":"S-1-5-21-2648318136-3688571242-2924127574-1606","distinguishedname":"CN=Finance_Users,OU=Groups,DC=HTB,DC=LOCAL","description":null,"admincount":false},"Members":[{"MemberId":"S-1-5-21-2648318136-3688571242-2924127574-1602","MemberType":"User"}],"ObjectIdentifier":"S-1-5-21-2648318136-3688571242-2924127574-1606","Aces":[{"PrincipalSID":"S-1-5-21-2648318136-3688571242-2924127574-512","PrincipalType":"Group","RightName":"Owner","AceType":"","IsInherited":false},{"PrincipalSID":"HTB.LOCAL-S-1-5-32-548","PrincipalType":"Group","RightName":"GenericAll","AceType":"","IsInherited":false},{"PrincipalSID":"S-1-5-21-2648318136-3688571242-2924127574-512","PrincipalType":"Group","RightName":"GenericAll","AceType":"","IsInherited":false},{"PrincipalSID":"S-1-5-21-2648318136-3688571242-2924127574-1121","PrincipalType":"Unknown","RightName":"WriteProperty","AceType":"AddMember","IsInherited":true},{"PrincipalSID":"S-1-5-21-2648318136-3688571242-2924127574-519","PrincipalType":"Group","RightName":"GenericAll","AceType":"","IsInherited":true},{"PrincipalSID":"HTB.LOCAL-S-1-5-32-544","PrincipalType":"Group","RightName":"WriteDacl","AceType":"","IsInherited":true},{"PrincipalSID":"HTB.LOCAL-S-1-5-32-544","PrincipalType":"Group","RightName":"WriteOwner","AceType":"","IsInherited":true},{"PrincipalSID":"HTB.LOCAL-S-1-5-32-544","PrincipalType":"Group","RightName":"GenericWrite","AceType":"","IsInherited":true}]},{"Properties":{"highvalue":false,"name":"MEGABANK_USERS@HTB.LOCAL","domain":"HTB.LOCAL","objectid":"S-1-5-21-2648318136-3688571242-2924127574-1604","distinguishedname":"CN=MegaBank_Users,OU=Groups,DC=HTB,DC=LOCAL","description":null,"admincount":false},"Members":[{"MemberId":"S-1-5-21-2648318136-3688571242-2924127574-1602","MemberType":"User"},{"MemberId":"S-1-5-21-2648318136-3688571242-2924127574-1136","MemberType":"User"},{"MemberId":"S-1-5-21-2648318136-3688571242-2924127574-1133","MemberType":"User"},{"MemberId":"S-1-5-21-2648318136-3688571242-2924127574-1132","MemberType":"User"},{"MemberId":"S-1-5-21-2648318136-3688571242-2924127574-1131","MemberType":"User"},{"MemberId":"S-1-5-21-2648318136-3688571242-2924127574-1130","MemberType":"User"},{"MemberId":"S-1-5-21-2648318136-3688571242-2924127574-1107","MemberType":"User"},{"MemberId":"S-1-5-21-2648318136-3688571242-2924127574-1105","MemberType":"User"}],"ObjectIdentifier":"S-1-5-21-2648318136-3688571242-2924127574-1604","Aces":[{"PrincipalSID":"S-1-5-21-2648318136-3688571242-2924127574-512","PrincipalType":"Group","RightName":"Owner","AceType":"","IsInherited":false},{"PrincipalSID":"HTB.LOCAL-S-1-5-32-548","PrincipalType":"Group","RightName":"GenericAll","AceType":"","IsInherited":false},{"PrincipalSID":"S-1-5-21-2648318136-3688571242-2924127574-512","PrincipalType":"Group","RightName":"GenericAll","AceType":"","IsInherited":false},{"PrincipalSID":"S-1-5-21-2648318136-3688571242-2924127574-1121","PrincipalType":"Unknown","RightName":"WriteProperty","AceType":"AddMember","IsInherited":true},{"PrincipalSID":"S-1-5-21-2648318136-3688571242-2924127574-519","PrincipalType":"Group","RightName":"GenericAll","AceType":"","IsInherited":true},{"PrincipalSID":"HTB.LOCAL-S-1-5-32-544","PrincipalType":"Group","RightName":"WriteDacl","AceType":"","IsInherited":true},{"PrincipalSID":"HTB.LOCAL-S-1-5-32-544","PrincipalType":"Group","RightName":"WriteOwner","AceType":"","IsInherited":true},{"PrincipalSID":"HTB.LOCAL-S-1-5-32-544","PrincipalType":"Group","RightName":"GenericWrite","AceType":"","IsInherited":true}]},{"Properties":{"highvalue":false,"name":"DR_SITE@HTB.LOCAL","domain":"HTB.LOCAL","objectid":"S-1-5-21-2648318136-3688571242-2924127574-1143","distinguishedname":"CN=DR_Site,OU=Groups,DC=HTB,DC=LOCAL","description":null,"admincount":false},"Members":[{"MemberId":"S-1-5-21-2648318136-3688571242-2924127574-1133","MemberType":"User"},{"MemberId":"S-1-5-21-2648318136-3688571242-2924127574-1132","MemberType":"User"},{"MemberId":"S-1-5-21-2648318136-3688571242-2924127574-1131","MemberType":"User"},{"MemberId":"S-1-5-21-2648318136-3688571242-2924127574-1130","MemberType":"User"},{"MemberId":"S-1-5-21-2648318136-3688571242-2924127574-1107","MemberType":"User"},{"MemberId":"S-1-5-21-2648318136-3688571242-2924127574-1105","MemberType":"User"}],"ObjectIdentifier":"S-1-5-21-2648318136-3688571242-2924127574-1143","Aces":[{"PrincipalSID":"S-1-5-21-2648318136-3688571242-2924127574-512","PrincipalType":"Group","RightName":"Owner","AceType":"","IsInherited":false},{"PrincipalSID":"HTB.LOCAL-S-1-5-32-548","PrincipalType":"Group","RightName":"GenericAll","AceType":"","IsInherited":false},{"PrincipalSID":"S-1-5-21-2648318136-3688571242-2924127574-512","PrincipalType":"Group","RightName":"GenericAll","AceType":"","IsInherited":false},{"PrincipalSID":"S-1-5-21-2648318136-3688571242-2924127574-1121","PrincipalType":"Unknown","RightName":"WriteProperty","AceType":"AddMember","IsInherited":true},{"PrincipalSID":"S-1-5-21-2648318136-3688571242-2924127574-519","PrincipalType":"Group","RightName":"GenericAll","AceType":"","IsInherited":true},{"PrincipalSID":"HTB.LOCAL-S-1-5-32-544","PrincipalType":"Group","RightName":"WriteDacl","AceType":"","IsInherited":true},{"PrincipalSID":"HTB.LOCAL-S-1-5-32-544","PrincipalType":"Group","RightName":"WriteOwner","AceType":"","IsInherited":true},{"PrincipalSID":"HTB.LOCAL-S-1-5-32-544","PrincipalType":"Group","RightName":"GenericWrite","AceType":"","IsInherited":true}]},{"Properties":{"highvalue":false,"name":"GUESTS@HTB.LOCAL","domain":"HTB.LOCAL","objectid":"HTB.LOCAL-S-1-5-32-546","distinguishedname":"CN=Guests,CN=Builtin,DC=HTB,DC=LOCAL","description":"Guests have the same access as members of the Users group by default, except for the Guest account which is further restricted","admincount":false},"Members":[{"MemberId":"S-1-5-21-2648318136-3688571242-2924127574-514","MemberType":"Group"},{"MemberId":"S-1-5-21-2648318136-3688571242-2924127574-501","MemberType":"User"}],"ObjectIdentifier":"HTB.LOCAL-S-1-5-32-546","Aces":[{"PrincipalSID":"HTB.LOCAL-S-1-5-32-544","PrincipalType":"Group","RightName":"Owner","AceType":"","IsInherited":false},{"PrincipalSID":"HTB.LOCAL-S-1-5-32-548","PrincipalType":"Group","RightName":"GenericAll","AceType":"","IsInherited":false},{"PrincipalSID":"S-1-5-21-2648318136-3688571242-2924127574-512","PrincipalType":"Group","RightName":"GenericAll","AceType":"","IsInherited":false},{"PrincipalSID":"S-1-5-21-2648318136-3688571242-2924127574-519","PrincipalType":"Group","RightName":"GenericAll","AceType":"","IsInherited":true},{"PrincipalSID":"HTB.LOCAL-S-1-5-32-544","PrincipalType":"Group","RightName":"WriteDacl","AceType":"","IsInherited":true},{"PrincipalSID":"HTB.LOCAL-S-1-5-32-544","PrincipalType":"Group","RightName":"WriteOwner","AceType":"","IsInherited":true},{"PrincipalSID":"HTB.LOCAL-S-1-5-32-544","PrincipalType":"Group","RightName":"GenericWrite","AceType":"","IsInherited":true},{"PrincipalSID":"S-1-5-21-2648318136-3688571242-2924127574-1121","PrincipalType":"Unknown","RightName":"WriteProperty","AceType":"AddMember","IsInherited":true}]},{"Properties":{"highvalue":false,"name":"ALL_STAFF@HTB.LOCAL","domain":"HTB.LOCAL","objectid":"S-1-5-21-2648318136-3688571242-2924127574-1603","distinguishedname":"CN=All_Staff,OU=Groups,DC=HTB,DC=LOCAL","description":null,"admincount":false},"Members":[{"MemberId":"S-1-5-21-2648318136-3688571242-2924127574-1602","MemberType":"User"},{"MemberId":"S-1-5-21-2648318136-3688571242-2924127574-1136","MemberType":"User"},{"MemberId":"S-1-5-21-2648318136-3688571242-2924127574-1133","MemberType":"User"},{"MemberId":"S-1-5-21-2648318136-3688571242-2924127574-1132","MemberType":"User"},{"MemberId":"S-1-5-21-2648318136-3688571242-2924127574-1131","MemberType":"User"},{"MemberId":"S-1-5-21-2648318136-3688571242-2924127574-1130","MemberType":"User"},{"MemberId":"S-1-5-21-2648318136-3688571242-2924127574-1107","MemberType":"User"},{"MemberId":"S-1-5-21-2648318136-3688571242-2924127574-1105","MemberType":"User"}],"ObjectIdentifier":"S-1-5-21-2648318136-3688571242-2924127574-1603","Aces":[{"PrincipalSID":"HTB.LOCAL-S-1-5-32-548","PrincipalType":"Group","RightName":"GenericAll","AceType":"","IsInherited":false},{"PrincipalSID":"S-1-5-21-2648318136-3688571242-2924127574-512","PrincipalType":"Group","RightName":"GenericAll","AceType":"","IsInherited":false},{"PrincipalSID":"S-1-5-21-2648318136-3688571242-2924127574-1121","PrincipalType":"Unknown","RightName":"WriteProperty","AceType":"AddMember","IsInherited":true},{"PrincipalSID":"S-1-5-21-2648318136-3688571242-2924127574-519","PrincipalType":"Group","RightName":"GenericAll","AceType":"","IsInherited":true},{"PrincipalSID":"HTB.LOCAL-S-1-5-32-544","PrincipalType":"Group","RightName":"WriteDacl","AceType":"","IsInherited":true},{"PrincipalSID":"HTB.LOCAL-S-1-5-32-544","PrincipalType":"Group","RightName":"WriteOwner","AceType":"","IsInherited":true},{"PrincipalSID":"HTB.LOCAL-S-1-5-32-544","PrincipalType":"Group","RightName":"GenericWrite","AceType":"","IsInherited":true}]},{"Properties":{"highvalue":false,"name":"DNSUPDATEPROXY@HTB.LOCAL","domain":"HTB.LOCAL","objectid":"S-1-5-21-2648318136-3688571242-2924127574-1103","distinguishedname":"CN=DnsUpdateProxy,CN=Users,DC=HTB,DC=LOCAL","description":"DNS clients who are permitted to perform dynamic updates on behalf of some other clients (such as DHCP servers).","admincount":false},"Members":[],"ObjectIdentifier":"S-1-5-21-2648318136-3688571242-2924127574-1103","Aces":[{"PrincipalSID":"HTB.LOCAL-S-1-5-32-548","PrincipalType":"Group","RightName":"GenericAll","AceType":"","IsInherited":false},{"PrincipalSID":"S-1-5-21-2648318136-3688571242-2924127574-512","PrincipalType":"Group","RightName":"GenericAll","AceType":"","IsInherited":false},{"PrincipalSID":"S-1-5-21-2648318136-3688571242-2924127574-1121","PrincipalType":"Unknown","RightName":"WriteProperty","AceType":"AddMember","IsInherited":true},{"PrincipalSID":"S-1-5-21-2648318136-3688571242-2924127574-519","PrincipalType":"Group","RightName":"GenericAll","AceType":"","IsInherited":true},{"PrincipalSID":"HTB.LOCAL-S-1-5-32-544","PrincipalType":"Group","RightName":"WriteDacl","AceType":"","IsInherited":true},{"PrincipalSID":"HTB.LOCAL-S-1-5-32-544","PrincipalType":"Group","RightName":"WriteOwner","AceType":"","IsInherited":true},{"PrincipalSID":"HTB.LOCAL-S-1-5-32-544","PrincipalType":"Group","RightName":"GenericWrite","AceType":"","IsInherited":true}]},{"Properties":{"highvalue":false,"name":"REMOTE DESKTOP USERS@HTB.LOCAL","domain":"HTB.LOCAL","objectid":"HTB.LOCAL-S-1-5-32-555","distinguishedname":"CN=Remote Desktop Users,CN=Builtin,DC=HTB,DC=LOCAL","description":"Members in this group are granted the right to logon remotely","admincount":false},"Members":[],"ObjectIdentifier":"HTB.LOCAL-S-1-5-32-555","Aces":[{"PrincipalSID":"HTB.LOCAL-S-1-5-32-544","PrincipalType":"Group","RightName":"Owner","AceType":"","IsInherited":false},{"PrincipalSID":"HTB.LOCAL-S-1-5-32-548","PrincipalType":"Group","RightName":"GenericAll","AceType":"","IsInherited":false},{"PrincipalSID":"S-1-5-21-2648318136-3688571242-2924127574-512","PrincipalType":"Group","RightName":"GenericAll","AceType":"","IsInherited":false},{"PrincipalSID":"S-1-5-21-2648318136-3688571242-2924127574-519","PrincipalType":"Group","RightName":"GenericAll","AceType":"","IsInherited":true},{"PrincipalSID":"HTB.LOCAL-S-1-5-32-544","PrincipalType":"Group","RightName":"WriteDacl","AceType":"","IsInherited":true},{"PrincipalSID":"HTB.LOCAL-S-1-5-32-544","PrincipalType":"Group","RightName":"WriteOwner","AceType":"","IsInherited":true},{"PrincipalSID":"HTB.LOCAL-S-1-5-32-544","PrincipalType":"Group","RightName":"GenericWrite","AceType":"","IsInherited":true},{"PrincipalSID":"S-1-5-21-2648318136-3688571242-2924127574-1121","PrincipalType":"Unknown","RightName":"WriteProperty","AceType":"AddMember","IsInherited":true}]},{"Properties":{"highvalue":false,"name":"PERFORMANCE LOG USERS@HTB.LOCAL","domain":"HTB.LOCAL","objectid":"HTB.LOCAL-S-1-5-32-559","distinguishedname":"CN=Performance Log Users,CN=Builtin,DC=HTB,DC=LOCAL","description":"Members of this group may schedule logging of performance counters, enable trace providers, and collect event traces both locally and via remote access to this computer","admincount":false},"Members":[],"ObjectIdentifier":"HTB.LOCAL-S-1-5-32-559","Aces":[{"PrincipalSID":"HTB.LOCAL-S-1-5-32-544","PrincipalType":"Group","RightName":"Owner","AceType":"","IsInherited":false},{"PrincipalSID":"HTB.LOCAL-S-1-5-32-548","PrincipalType":"Group","RightName":"GenericAll","AceType":"","IsInherited":false},{"PrincipalSID":"S-1-5-21-2648318136-3688571242-2924127574-512","PrincipalType":"Group","RightName":"GenericAll","AceType":"","IsInherited":false},{"PrincipalSID":"S-1-5-21-2648318136-3688571242-2924127574-519","PrincipalType":"Group","RightName":"GenericAll","AceType":"","IsInherited":true},{"PrincipalSID":"HTB.LOCAL-S-1-5-32-544","PrincipalType":"Group","RightName":"WriteDacl","AceType":"","IsInherited":true},{"PrincipalSID":"HTB.LOCAL-S-1-5-32-544","PrincipalType":"Group","RightName":"WriteOwner","AceType":"","IsInherited":true},{"PrincipalSID":"HTB.LOCAL-S-1-5-32-544","PrincipalType":"Group","RightName":"GenericWrite","AceType":"","IsInherited":true},{"PrincipalSID":"S-1-5-21-2648318136-3688571242-2924127574-1121","PrincipalType":"Unknown","RightName":"WriteProperty","AceType":"AddMember","IsInherited":true}]},{"Properties":{"highvalue":false,"name":"CERT PUBLISHERS@HTB.LOCAL","domain":"HTB.LOCAL","objectid":"S-1-5-21-2648318136-3688571242-2924127574-517","distinguishedname":"CN=Cert Publishers,CN=Users,DC=HTB,DC=LOCAL","description":"Members of this group are permitted to publish certificates to the directory","admincount":false},"Members":[],"ObjectIdentifier":"S-1-5-21-2648318136-3688571242-2924127574-517","Aces":[{"PrincipalSID":"S-1-5-21-2648318136-3688571242-2924127574-512","PrincipalType":"Group","RightName":"Owner","AceType":"","IsInherited":false},{"PrincipalSID":"HTB.LOCAL-S-1-5-32-548","PrincipalType":"Group","RightName":"GenericAll","AceType":"","IsInherited":false},{"PrincipalSID":"S-1-5-21-2648318136-3688571242-2924127574-512","PrincipalType":"Group","RightName":"GenericAll","AceType":"","IsInherited":false},{"PrincipalSID":"S-1-5-21-2648318136-3688571242-2924127574-1121","PrincipalType":"Unknown","RightName":"WriteProperty","AceType":"AddMember","IsInherited":true},{"PrincipalSID":"S-1-5-21-2648318136-3688571242-2924127574-519","PrincipalType":"Group","RightName":"GenericAll","AceType":"","IsInherited":true},{"PrincipalSID":"HTB.LOCAL-S-1-5-32-544","PrincipalType":"Group","RightName":"WriteDacl","AceType":"","IsInherited":true},{"PrincipalSID":"HTB.LOCAL-S-1-5-32-544","PrincipalType":"Group","RightName":"WriteOwner","AceType":"","IsInherited":true},{"PrincipalSID":"HTB.LOCAL-S-1-5-32-544","PrincipalType":"Group","RightName":"GenericWrite","AceType":"","IsInherited":true}]},{"Properties":{"highvalue":false,"name":"RAS AND IAS SERVERS@HTB.LOCAL","domain":"HTB.LOCAL","objectid":"S-1-5-21-2648318136-3688571242-2924127574-553","distinguishedname":"CN=RAS and IAS Servers,CN=Users,DC=HTB,DC=LOCAL","description":"Servers in this group can access remote access properties of users","admincount":false},"Members":[],"ObjectIdentifier":"S-1-5-21-2648318136-3688571242-2924127574-553","Aces":[{"PrincipalSID":"S-1-5-21-2648318136-3688571242-2924127574-512","PrincipalType":"Group","RightName":"Owner","AceType":"","IsInherited":false},{"PrincipalSID":"HTB.LOCAL-S-1-5-32-548","PrincipalType":"Group","RightName":"GenericAll","AceType":"","IsInherited":false},{"PrincipalSID":"S-1-5-21-2648318136-3688571242-2924127574-512","PrincipalType":"Group","RightName":"GenericAll","AceType":"","IsInherited":false},{"PrincipalSID":"S-1-5-21-2648318136-3688571242-2924127574-1121","PrincipalType":"Unknown","RightName":"WriteProperty","AceType":"AddMember","IsInherited":true},{"PrincipalSID":"S-1-5-21-2648318136-3688571242-2924127574-519","PrincipalType":"Group","RightName":"GenericAll","AceType":"","IsInherited":true},{"PrincipalSID":"HTB.LOCAL-S-1-5-32-544","PrincipalType":"Group","RightName":"WriteDacl","AceType":"","IsInherited":true},{"PrincipalSID":"HTB.LOCAL-S-1-5-32-544","PrincipalType":"Group","RightName":"WriteOwner","AceType":"","IsInherited":true},{"PrincipalSID":"HTB.LOCAL-S-1-5-32-544","PrincipalType":"Group","RightName":"GenericWrite","AceType":"","IsInherited":true}]},{"Properties":{"highvalue":false,"name":"HR_TEAM@HTB.LOCAL","domain":"HTB.LOCAL","objectid":"S-1-5-21-2648318136-3688571242-2924127574-1607","distinguishedname":"CN=HR_Team,OU=Groups,DC=HTB,DC=LOCAL","description":null,"admincount":false},"Members":[],"ObjectIdentifier":"S-1-5-21-2648318136-3688571242-2924127574-1607","Aces":[{"PrincipalSID":"S-1-5-21-2648318136-3688571242-2924127574-512","PrincipalType":"Group","RightName":"Owner","AceType":"","IsInherited":false},{"PrincipalSID":"HTB.LOCAL-S-1-5-32-548","PrincipalType":"Group","RightName":"GenericAll","AceType":"","IsInherited":false},{"PrincipalSID":"S-1-5-21-2648318136-3688571242-2924127574-512","PrincipalType":"Group","RightName":"GenericAll","AceType":"","IsInherited":false},{"PrincipalSID":"S-1-5-21-2648318136-3688571242-2924127574-1121","PrincipalType":"Unknown","RightName":"WriteProperty","AceType":"AddMember","IsInherited":true},{"PrincipalSID":"S-1-5-21-2648318136-3688571242-2924127574-519","PrincipalType":"Group","RightName":"GenericAll","AceType":"","IsInherited":true},{"PrincipalSID":"HTB.LOCAL-S-1-5-32-544","PrincipalType":"Group","RightName":"WriteDacl","AceType":"","IsInherited":true},{"PrincipalSID":"HTB.LOCAL-S-1-5-32-544","PrincipalType":"Group","RightName":"WriteOwner","AceType":"","IsInherited":true},{"PrincipalSID":"HTB.LOCAL-S-1-5-32-544","PrincipalType":"Group","RightName":"GenericWrite","AceType":"","IsInherited":true}]},{"Properties":{"highvalue":false,"name":"REPLICATORS@HTB.LOCAL","domain":"HTB.LOCAL","objectid":"HTB.LOCAL-S-1-5-32-552","distinguishedname":"CN=Replicator,CN=Builtin,DC=HTB,DC=LOCAL","description":"Supports file replication in a domain","admincount":true},"Members":[],"ObjectIdentifier":"HTB.LOCAL-S-1-5-32-552","Aces":[{"PrincipalSID":"S-1-5-21-2648318136-3688571242-2924127574-512","PrincipalType":"Group","RightName":"Owner","AceType":"","IsInherited":false},{"PrincipalSID":"HTB.LOCAL-S-1-5-32-544","PrincipalType":"Group","RightName":"WriteDacl","AceType":"","IsInherited":false},{"PrincipalSID":"HTB.LOCAL-S-1-5-32-544","PrincipalType":"Group","RightName":"WriteOwner","AceType":"","IsInherited":false},{"PrincipalSID":"HTB.LOCAL-S-1-5-32-544","PrincipalType":"Group","RightName":"GenericWrite","AceType":"","IsInherited":false},{"PrincipalSID":"S-1-5-21-2648318136-3688571242-2924127574-512","PrincipalType":"Group","RightName":"WriteDacl","AceType":"","IsInherited":false},{"PrincipalSID":"S-1-5-21-2648318136-3688571242-2924127574-512","PrincipalType":"Group","RightName":"WriteOwner","AceType":"","IsInherited":false},{"PrincipalSID":"S-1-5-21-2648318136-3688571242-2924127574-512","PrincipalType":"Group","RightName":"GenericWrite","AceType":"","IsInherited":false},{"PrincipalSID":"S-1-5-21-2648318136-3688571242-2924127574-519","PrincipalType":"Group","RightName":"WriteDacl","AceType":"","IsInherited":false},{"PrincipalSID":"S-1-5-21-2648318136-3688571242-2924127574-519","PrincipalType":"Group","RightName":"WriteOwner","AceType":"","IsInherited":false},{"PrincipalSID":"S-1-5-21-2648318136-3688571242-2924127574-519","PrincipalType":"Group","RightName":"GenericWrite","AceType":"","IsInherited":false}]},{"Properties":{"highvalue":false,"name":"CLONEABLE DOMAIN CONTROLLERS@HTB.LOCAL","domain":"HTB.LOCAL","objectid":"S-1-5-21-2648318136-3688571242-2924127574-522","distinguishedname":"CN=Cloneable Domain Controllers,CN=Users,DC=HTB,DC=LOCAL","description":"Members of this group that are domain controllers may be cloned.","admincount":false},"Members":[],"ObjectIdentifier":"S-1-5-21-2648318136-3688571242-2924127574-522","Aces":[{"PrincipalSID":"S-1-5-21-2648318136-3688571242-2924127574-512","PrincipalType":"Group","RightName":"Owner","AceType":"","IsInherited":false},{"PrincipalSID":"HTB.LOCAL-S-1-5-32-548","PrincipalType":"Group","RightName":"GenericAll","AceType":"","IsInherited":false},{"PrincipalSID":"S-1-5-21-2648318136-3688571242-2924127574-512","PrincipalType":"Group","RightName":"GenericAll","AceType":"","IsInherited":false},{"PrincipalSID":"S-1-5-21-2648318136-3688571242-2924127574-1121","PrincipalType":"Unknown","RightName":"WriteProperty","AceType":"AddMember","IsInherited":true},{"PrincipalSID":"S-1-5-21-2648318136-3688571242-2924127574-519","PrincipalType":"Group","RightName":"GenericAll","AceType":"","IsInherited":true},{"PrincipalSID":"HTB.LOCAL-S-1-5-32-544","PrincipalType":"Group","RightName":"WriteDacl","AceType":"","IsInherited":true},{"PrincipalSID":"HTB.LOCAL-S-1-5-32-544","PrincipalType":"Group","RightName":"WriteOwner","AceType":"","IsInherited":true},{"PrincipalSID":"HTB.LOCAL-S-1-5-32-544","PrincipalType":"Group","RightName":"GenericWrite","AceType":"","IsInherited":true}]},{"Properties":{"highvalue":true,"name":"PRINT OPERATORS@HTB.LOCAL","domain":"HTB.LOCAL","objectid":"HTB.LOCAL-S-1-5-32-550","distinguishedname":"CN=Print Operators,CN=Builtin,DC=HTB,DC=LOCAL","description":"Members can administer printers installed on domain controllers","admincount":true},"Members":[{"MemberId":"S-1-5-21-2648318136-3688571242-2924127574-1107","MemberType":"User"},{"MemberId":"S-1-5-21-2648318136-3688571242-2924127574-1105","MemberType":"User"}],"ObjectIdentifier":"HTB.LOCAL-S-1-5-32-550","Aces":[{"PrincipalSID":"S-1-5-21-2648318136-3688571242-2924127574-512","PrincipalType":"Group","RightName":"Owner","AceType":"","IsInherited":false},{"PrincipalSID":"HTB.LOCAL-S-1-5-32-544","PrincipalType":"Group","RightName":"WriteDacl","AceType":"","IsInherited":false},{"PrincipalSID":"HTB.LOCAL-S-1-5-32-544","PrincipalType":"Group","RightName":"WriteOwner","AceType":"","IsInherited":false},{"PrincipalSID":"HTB.LOCAL-S-1-5-32-544","PrincipalType":"Group","RightName":"GenericWrite","AceType":"","IsInherited":false},{"PrincipalSID":"S-1-5-21-2648318136-3688571242-2924127574-512","PrincipalType":"Group","RightName":"WriteDacl","AceType":"","IsInherited":false},{"PrincipalSID":"S-1-5-21-2648318136-3688571242-2924127574-512","PrincipalType":"Group","RightName":"WriteOwner","AceType":"","IsInherited":false},{"PrincipalSID":"S-1-5-21-2648318136-3688571242-2924127574-512","PrincipalType":"Group","RightName":"GenericWrite","AceType":"","IsInherited":false},{"PrincipalSID":"S-1-5-21-2648318136-3688571242-2924127574-519","PrincipalType":"Group","RightName":"WriteDacl","AceType":"","IsInherited":false},{"PrincipalSID":"S-1-5-21-2648318136-3688571242-2924127574-519","PrincipalType":"Group","RightName":"WriteOwner","AceType":"","IsInherited":false},{"PrincipalSID":"S-1-5-21-2648318136-3688571242-2924127574-519","PrincipalType":"Group","RightName":"GenericWrite","AceType":"","IsInherited":false}]},{"Properties":{"highvalue":false,"name":"SHAREPOINT_ADMINS@HTB.LOCAL","domain":"HTB.LOCAL","objectid":"S-1-5-21-2648318136-3688571242-2924127574-1142","distinguishedname":"CN=SharePoint_Admins,OU=Groups,DC=HTB,DC=LOCAL","description":null,"admincount":false},"Members":[{"MemberId":"S-1-5-21-2648318136-3688571242-2924127574-1133","MemberType":"User"},{"MemberId":"S-1-5-21-2648318136-3688571242-2924127574-1107","MemberType":"User"}],"ObjectIdentifier":"S-1-5-21-2648318136-3688571242-2924127574-1142","Aces":[{"PrincipalSID":"S-1-5-21-2648318136-3688571242-2924127574-512","PrincipalType":"Group","RightName":"Owner","AceType":"","IsInherited":false},{"PrincipalSID":"HTB.LOCAL-S-1-5-32-548","PrincipalType":"Group","RightName":"GenericAll","AceType":"","IsInherited":false},{"PrincipalSID":"S-1-5-21-2648318136-3688571242-2924127574-512","PrincipalType":"Group","RightName":"GenericAll","AceType":"","IsInherited":false},{"PrincipalSID":"S-1-5-21-2648318136-3688571242-2924127574-1121","PrincipalType":"Unknown","RightName":"WriteProperty","AceType":"AddMember","IsInherited":true},{"PrincipalSID":"S-1-5-21-2648318136-3688571242-2924127574-519","PrincipalType":"Group","RightName":"GenericAll","AceType":"","IsInherited":true},{"PrincipalSID":"HTB.LOCAL-S-1-5-32-544","PrincipalType":"Group","RightName":"WriteDacl","AceType":"","IsInherited":true},{"PrincipalSID":"HTB.LOCAL-S-1-5-32-544","PrincipalType":"Group","RightName":"WriteOwner","AceType":"","IsInherited":true},{"PrincipalSID":"HTB.LOCAL-S-1-5-32-544","PrincipalType":"Group","RightName":"GenericWrite","AceType":"","IsInherited":true}]},{"Properties":{"highvalue":false,"name":"APPLOCKER_TEST@HTB.LOCAL","domain":"HTB.LOCAL","objectid":"S-1-5-21-2648318136-3688571242-2924127574-1138","distinguishedname":"CN=AppLocker_Test,OU=Groups,DC=HTB,DC=LOCAL","description":null,"admincount":false},"Members":[{"MemberId":"S-1-5-21-2648318136-3688571242-2924127574-1105","MemberType":"User"}],"ObjectIdentifier":"S-1-5-21-2648318136-3688571242-2924127574-1138","Aces":[{"PrincipalSID":"S-1-5-21-2648318136-3688571242-2924127574-512","PrincipalType":"Group","RightName":"Owner","AceType":"","IsInherited":false},{"PrincipalSID":"HTB.LOCAL-S-1-5-32-548","PrincipalType":"Group","RightName":"GenericAll","AceType":"","IsInherited":false},{"PrincipalSID":"S-1-5-21-2648318136-3688571242-2924127574-512","PrincipalType":"Group","RightName":"GenericAll","AceType":"","IsInherited":false},{"PrincipalSID":"S-1-5-21-2648318136-3688571242-2924127574-1121","PrincipalType":"Unknown","RightName":"WriteProperty","AceType":"AddMember","IsInherited":true},{"PrincipalSID":"S-1-5-21-2648318136-3688571242-2924127574-519","PrincipalType":"Group","RightName":"GenericAll","AceType":"","IsInherited":true},{"PrincipalSID":"HTB.LOCAL-S-1-5-32-544","PrincipalType":"Group","RightName":"WriteDacl","AceType":"","IsInherited":true},{"PrincipalSID":"HTB.LOCAL-S-1-5-32-544","PrincipalType":"Group","RightName":"WriteOwner","AceType":"","IsInherited":true},{"PrincipalSID":"HTB.LOCAL-S-1-5-32-544","PrincipalType":"Group","RightName":"GenericWrite","AceType":"","IsInherited":true}]},{"Properties":{"highvalue":false,"name":"DISTRIBUTED COM USERS@HTB.LOCAL","domain":"HTB.LOCAL","objectid":"HTB.LOCAL-S-1-5-32-562","distinguishedname":"CN=Distributed COM Users,CN=Builtin,DC=HTB,DC=LOCAL","description":"Members are allowed to launch, activate and use Distributed COM objects on this machine.","admincount":false},"Members":[],"ObjectIdentifier":"HTB.LOCAL-S-1-5-32-562","Aces":[{"PrincipalSID":"HTB.LOCAL-S-1-5-32-544","PrincipalType":"Group","RightName":"Owner","AceType":"","IsInherited":false},{"PrincipalSID":"HTB.LOCAL-S-1-5-32-548","PrincipalType":"Group","RightName":"GenericAll","AceType":"","IsInherited":false},{"PrincipalSID":"S-1-5-21-2648318136-3688571242-2924127574-512","PrincipalType":"Group","RightName":"GenericAll","AceType":"","IsInherited":false},{"PrincipalSID":"S-1-5-21-2648318136-3688571242-2924127574-519","PrincipalType":"Group","RightName":"GenericAll","AceType":"","IsInherited":true},{"PrincipalSID":"HTB.LOCAL-S-1-5-32-544","PrincipalType":"Group","RightName":"WriteDacl","AceType":"","IsInherited":true},{"PrincipalSID":"HTB.LOCAL-S-1-5-32-544","PrincipalType":"Group","RightName":"WriteOwner","AceType":"","IsInherited":true},{"PrincipalSID":"HTB.LOCAL-S-1-5-32-544","PrincipalType":"Group","RightName":"GenericWrite","AceType":"","IsInherited":true},{"PrincipalSID":"S-1-5-21-2648318136-3688571242-2924127574-1121","PrincipalType":"Unknown","RightName":"WriteProperty","AceType":"AddMember","IsInherited":true}]},{"Properties":{"highvalue":false,"name":"IIS_IUSRS@HTB.LOCAL","domain":"HTB.LOCAL","objectid":"HTB.LOCAL-S-1-5-32-568","distinguishedname":"CN=IIS_IUSRS,CN=Builtin,DC=HTB,DC=LOCAL","description":"Built-in group used by Internet Information Services.","admincount":false},"Members":[],"ObjectIdentifier":"HTB.LOCAL-S-1-5-32-568","Aces":[{"PrincipalSID":"HTB.LOCAL-S-1-5-32-544","PrincipalType":"Group","RightName":"Owner","AceType":"","IsInherited":false},{"PrincipalSID":"HTB.LOCAL-S-1-5-32-548","PrincipalType":"Group","RightName":"GenericAll","AceType":"","IsInherited":false},{"PrincipalSID":"S-1-5-21-2648318136-3688571242-2924127574-512","PrincipalType":"Group","RightName":"GenericAll","AceType":"","IsInherited":false},{"PrincipalSID":"S-1-5-21-2648318136-3688571242-2924127574-519","PrincipalType":"Group","RightName":"GenericAll","AceType":"","IsInherited":true},{"PrincipalSID":"HTB.LOCAL-S-1-5-32-544","PrincipalType":"Group","RightName":"WriteDacl","AceType":"","IsInherited":true},{"PrincipalSID":"HTB.LOCAL-S-1-5-32-544","PrincipalType":"Group","RightName":"WriteOwner","AceType":"","IsInherited":true},{"PrincipalSID":"HTB.LOCAL-S-1-5-32-544","PrincipalType":"Group","RightName":"GenericWrite","AceType":"","IsInherited":true},{"PrincipalSID":"S-1-5-21-2648318136-3688571242-2924127574-1121","PrincipalType":"Unknown","RightName":"WriteProperty","AceType":"AddMember","IsInherited":true}]},{"Properties":{"highvalue":false,"name":"ALLOWED RODC PASSWORD REPLICATION GROUP@HTB.LOCAL","domain":"HTB.LOCAL","objectid":"S-1-5-21-2648318136-3688571242-2924127574-571","distinguishedname":"CN=Allowed RODC Password Replication Group,CN=Users,DC=HTB,DC=LOCAL","description":"Members in this group can have their passwords replicated to all read-only domain controllers in the domain","admincount":false},"Members":[],"ObjectIdentifier":"S-1-5-21-2648318136-3688571242-2924127574-571","Aces":[{"PrincipalSID":"S-1-5-21-2648318136-3688571242-2924127574-512","PrincipalType":"Group","RightName":"Owner","AceType":"","IsInherited":false},{"PrincipalSID":"HTB.LOCAL-S-1-5-32-548","PrincipalType":"Group","RightName":"GenericAll","AceType":"","IsInherited":false},{"PrincipalSID":"S-1-5-21-2648318136-3688571242-2924127574-512","PrincipalType":"Group","RightName":"GenericAll","AceType":"","IsInherited":false},{"PrincipalSID":"S-1-5-21-2648318136-3688571242-2924127574-1121","PrincipalType":"Unknown","RightName":"WriteProperty","AceType":"AddMember","IsInherited":true},{"PrincipalSID":"S-1-5-21-2648318136-3688571242-2924127574-519","PrincipalType":"Group","RightName":"GenericAll","AceType":"","IsInherited":true},{"PrincipalSID":"HTB.LOCAL-S-1-5-32-544","PrincipalType":"Group","RightName":"WriteDacl","AceType":"","IsInherited":true},{"PrincipalSID":"HTB.LOCAL-S-1-5-32-544","PrincipalType":"Group","RightName":"WriteOwner","AceType":"","IsInherited":true},{"PrincipalSID":"HTB.LOCAL-S-1-5-32-544","PrincipalType":"Group","RightName":"GenericWrite","AceType":"","IsInherited":true}]},{"Properties":{"highvalue":false,"name":"CRYPTOGRAPHIC OPERATORS@HTB.LOCAL","domain":"HTB.LOCAL","objectid":"HTB.LOCAL-S-1-5-32-569","distinguishedname":"CN=Cryptographic Operators,CN=Builtin,DC=HTB,DC=LOCAL","description":"Members are authorized to perform cryptographic operations.","admincount":false},"Members":[],"ObjectIdentifier":"HTB.LOCAL-S-1-5-32-569","Aces":[{"PrincipalSID":"HTB.LOCAL-S-1-5-32-544","PrincipalType":"Group","RightName":"Owner","AceType":"","IsInherited":false},{"PrincipalSID":"HTB.LOCAL-S-1-5-32-548","PrincipalType":"Group","RightName":"GenericAll","AceType":"","IsInherited":false},{"PrincipalSID":"S-1-5-21-2648318136-3688571242-2924127574-512","PrincipalType":"Group","RightName":"GenericAll","AceType":"","IsInherited":false},{"PrincipalSID":"S-1-5-21-2648318136-3688571242-2924127574-519","PrincipalType":"Group","RightName":"GenericAll","AceType":"","IsInherited":true},{"PrincipalSID":"HTB.LOCAL-S-1-5-32-544","PrincipalType":"Group","RightName":"WriteDacl","AceType":"","IsInherited":true},{"PrincipalSID":"HTB.LOCAL-S-1-5-32-544","PrincipalType":"Group","RightName":"WriteOwner","AceType":"","IsInherited":true},{"PrincipalSID":"HTB.LOCAL-S-1-5-32-544","PrincipalType":"Group","RightName":"GenericWrite","AceType":"","IsInherited":true},{"PrincipalSID":"S-1-5-21-2648318136-3688571242-2924127574-1121","PrincipalType":"Unknown","RightName":"WriteProperty","AceType":"AddMember","IsInherited":true}]},{"Properties":{"highvalue":false,"name":"NETWORK CONFIGURATION OPERATORS@HTB.LOCAL","domain":"HTB.LOCAL","objectid":"HTB.LOCAL-S-1-5-32-556","distinguishedname":"CN=Network Configuration Operators,CN=Builtin,DC=HTB,DC=LOCAL","description":"Members in this group can have some administrative privileges to manage configuration of networking features","admincount":false},"Members":[],"ObjectIdentifier":"HTB.LOCAL-S-1-5-32-556","Aces":[{"PrincipalSID":"HTB.LOCAL-S-1-5-32-544","PrincipalType":"Group","RightName":"Owner","AceType":"","IsInherited":false},{"PrincipalSID":"HTB.LOCAL-S-1-5-32-548","PrincipalType":"Group","RightName":"GenericAll","AceType":"","IsInherited":false},{"PrincipalSID":"S-1-5-21-2648318136-3688571242-2924127574-512","PrincipalType":"Group","RightName":"GenericAll","AceType":"","IsInherited":false},{"PrincipalSID":"S-1-5-21-2648318136-3688571242-2924127574-519","PrincipalType":"Group","RightName":"GenericAll","AceType":"","IsInherited":true},{"PrincipalSID":"HTB.LOCAL-S-1-5-32-544","PrincipalType":"Group","RightName":"WriteDacl","AceType":"","IsInherited":true},{"PrincipalSID":"HTB.LOCAL-S-1-5-32-544","PrincipalType":"Group","RightName":"WriteOwner","AceType":"","IsInherited":true},{"PrincipalSID":"HTB.LOCAL-S-1-5-32-544","PrincipalType":"Group","RightName":"GenericWrite","AceType":"","IsInherited":true},{"PrincipalSID":"S-1-5-21-2648318136-3688571242-2924127574-1121","PrincipalType":"Unknown","RightName":"WriteProperty","AceType":"AddMember","IsInherited":true}]},{"Properties":{"highvalue":false,"name":"CERTIFICATE SERVICE DCOM ACCESS@HTB.LOCAL","domain":"HTB.LOCAL","objectid":"HTB.LOCAL-S-1-5-32-574","distinguishedname":"CN=Certificate Service DCOM Access,CN=Builtin,DC=HTB,DC=LOCAL","description":"Members of this group are allowed to connect to Certification Authorities in the enterprise","admincount":false},"Members":[],"ObjectIdentifier":"HTB.LOCAL-S-1-5-32-574","Aces":[{"PrincipalSID":"HTB.LOCAL-S-1-5-32-544","PrincipalType":"Group","RightName":"Owner","AceType":"","IsInherited":false},{"PrincipalSID":"HTB.LOCAL-S-1-5-32-548","PrincipalType":"Group","RightName":"GenericAll","AceType":"","IsInherited":false},{"PrincipalSID":"S-1-5-21-2648318136-3688571242-2924127574-512","PrincipalType":"Group","RightName":"GenericAll","AceType":"","IsInherited":false},{"PrincipalSID":"S-1-5-21-2648318136-3688571242-2924127574-519","PrincipalType":"Group","RightName":"GenericAll","AceType":"","IsInherited":true},{"PrincipalSID":"HTB.LOCAL-S-1-5-32-544","PrincipalType":"Group","RightName":"WriteDacl","AceType":"","IsInherited":true},{"PrincipalSID":"HTB.LOCAL-S-1-5-32-544","PrincipalType":"Group","RightName":"WriteOwner","AceType":"","IsInherited":true},{"PrincipalSID":"HTB.LOCAL-S-1-5-32-544","PrincipalType":"Group","RightName":"GenericWrite","AceType":"","IsInherited":true},{"PrincipalSID":"S-1-5-21-2648318136-3688571242-2924127574-1121","PrincipalType":"Unknown","RightName":"WriteProperty","AceType":"AddMember","IsInherited":true}]},{"Properties":{"highvalue":false,"name":"EVENT LOG READERS@HTB.LOCAL","domain":"HTB.LOCAL","objectid":"HTB.LOCAL-S-1-5-32-573","distinguishedname":"CN=Event Log Readers,CN=Builtin,DC=HTB,DC=LOCAL","description":"Members of this group can read event logs from local machine","admincount":false},"Members":[],"ObjectIdentifier":"HTB.LOCAL-S-1-5-32-573","Aces":[{"PrincipalSID":"HTB.LOCAL-S-1-5-32-544","PrincipalType":"Group","RightName":"Owner","AceType":"","IsInherited":false},{"PrincipalSID":"HTB.LOCAL-S-1-5-32-548","PrincipalType":"Group","RightName":"GenericAll","AceType":"","IsInherited":false},{"PrincipalSID":"S-1-5-21-2648318136-3688571242-2924127574-512","PrincipalType":"Group","RightName":"GenericAll","AceType":"","IsInherited":false},{"PrincipalSID":"S-1-5-21-2648318136-3688571242-2924127574-519","PrincipalType":"Group","RightName":"GenericAll","AceType":"","IsInherited":true},{"PrincipalSID":"HTB.LOCAL-S-1-5-32-544","PrincipalType":"Group","RightName":"WriteDacl","AceType":"","IsInherited":true},{"PrincipalSID":"HTB.LOCAL-S-1-5-32-544","PrincipalType":"Group","RightName":"WriteOwner","AceType":"","IsInherited":true},{"PrincipalSID":"HTB.LOCAL-S-1-5-32-544","PrincipalType":"Group","RightName":"GenericWrite","AceType":"","IsInherited":true},{"PrincipalSID":"S-1-5-21-2648318136-3688571242-2924127574-1121","PrincipalType":"Unknown","RightName":"WriteProperty","AceType":"AddMember","IsInherited":true}]},{"Properties":{"highvalue":true,"name":"BACKUP OPERATORS@HTB.LOCAL","domain":"HTB.LOCAL","objectid":"HTB.LOCAL-S-1-5-32-551","distinguishedname":"CN=Backup Operators,CN=Builtin,DC=HTB,DC=LOCAL","description":"Backup Operators can override security restrictions for the sole purpose of backing up or restoring files","admincount":true},"Members":[],"ObjectIdentifier":"HTB.LOCAL-S-1-5-32-551","Aces":[{"PrincipalSID":"S-1-5-21-2648318136-3688571242-2924127574-512","PrincipalType":"Group","RightName":"Owner","AceType":"","IsInherited":false},{"PrincipalSID":"HTB.LOCAL-S-1-5-32-544","PrincipalType":"Group","RightName":"WriteDacl","AceType":"","IsInherited":false},{"PrincipalSID":"HTB.LOCAL-S-1-5-32-544","PrincipalType":"Group","RightName":"WriteOwner","AceType":"","IsInherited":false},{"PrincipalSID":"HTB.LOCAL-S-1-5-32-544","PrincipalType":"Group","RightName":"GenericWrite","AceType":"","IsInherited":false},{"PrincipalSID":"S-1-5-21-2648318136-3688571242-2924127574-512","PrincipalType":"Group","RightName":"WriteDacl","AceType":"","IsInherited":false},{"PrincipalSID":"S-1-5-21-2648318136-3688571242-2924127574-512","PrincipalType":"Group","RightName":"WriteOwner","AceType":"","IsInherited":false},{"PrincipalSID":"S-1-5-21-2648318136-3688571242-2924127574-512","PrincipalType":"Group","RightName":"GenericWrite","AceType":"","IsInherited":false},{"PrincipalSID":"S-1-5-21-2648318136-3688571242-2924127574-519","PrincipalType":"Group","RightName":"WriteDacl","AceType":"","IsInherited":false},{"PrincipalSID":"S-1-5-21-2648318136-3688571242-2924127574-519","PrincipalType":"Group","RightName":"WriteOwner","AceType":"","IsInherited":false},{"PrincipalSID":"S-1-5-21-2648318136-3688571242-2924127574-519","PrincipalType":"Group","RightName":"GenericWrite","AceType":"","IsInherited":false}]},{"Properties":{"highvalue":false,"name":"ACCESS CONTROL ASSISTANCE OPERATORS@HTB.LOCAL","domain":"HTB.LOCAL","objectid":"HTB.LOCAL-S-1-5-32-579","distinguishedname":"CN=Access Control Assistance Operators,CN=Builtin,DC=HTB,DC=LOCAL","description":"Members of this group can remotely query authorization attributes and permissions for resources on this computer.","admincount":false},"Members":[],"ObjectIdentifier":"HTB.LOCAL-S-1-5-32-579","Aces":[{"PrincipalSID":"HTB.LOCAL-S-1-5-32-544","PrincipalType":"Group","RightName":"Owner","AceType":"","IsInherited":false},{"PrincipalSID":"HTB.LOCAL-S-1-5-32-548","PrincipalType":"Group","RightName":"GenericAll","AceType":"","IsInherited":false},{"PrincipalSID":"S-1-5-21-2648318136-3688571242-2924127574-512","PrincipalType":"Group","RightName":"GenericAll","AceType":"","IsInherited":false},{"PrincipalSID":"S-1-5-21-2648318136-3688571242-2924127574-519","PrincipalType":"Group","RightName":"GenericAll","AceType":"","IsInherited":true},{"PrincipalSID":"HTB.LOCAL-S-1-5-32-544","PrincipalType":"Group","RightName":"WriteDacl","AceType":"","IsInherited":true},{"PrincipalSID":"HTB.LOCAL-S-1-5-32-544","PrincipalType":"Group","RightName":"WriteOwner","AceType":"","IsInherited":true},{"PrincipalSID":"HTB.LOCAL-S-1-5-32-544","PrincipalType":"Group","RightName":"GenericWrite","AceType":"","IsInherited":true},{"PrincipalSID":"S-1-5-21-2648318136-3688571242-2924127574-1121","PrincipalType":"Unknown","RightName":"WriteProperty","AceType":"AddMember","IsInherited":true}]},{"Properties":{"highvalue":true,"name":"SERVER OPERATORS@HTB.LOCAL","domain":"HTB.LOCAL","objectid":"HTB.LOCAL-S-1-5-32-549","distinguishedname":"CN=Server Operators,CN=Builtin,DC=HTB,DC=LOCAL","description":"Members can administer domain servers","admincount":true},"Members":[],"ObjectIdentifier":"HTB.LOCAL-S-1-5-32-549","Aces":[{"PrincipalSID":"S-1-5-21-2648318136-3688571242-2924127574-512","PrincipalType":"Group","RightName":"Owner","AceType":"","IsInherited":false},{"PrincipalSID":"HTB.LOCAL-S-1-5-32-544","PrincipalType":"Group","RightName":"WriteDacl","AceType":"","IsInherited":false},{"PrincipalSID":"HTB.LOCAL-S-1-5-32-544","PrincipalType":"Group","RightName":"WriteOwner","AceType":"","IsInherited":false},{"PrincipalSID":"HTB.LOCAL-S-1-5-32-544","PrincipalType":"Group","RightName":"GenericWrite","AceType":"","IsInherited":false},{"PrincipalSID":"S-1-5-21-2648318136-3688571242-2924127574-512","PrincipalType":"Group","RightName":"WriteDacl","AceType":"","IsInherited":false},{"PrincipalSID":"S-1-5-21-2648318136-3688571242-2924127574-512","PrincipalType":"Group","RightName":"WriteOwner","AceType":"","IsInherited":false},{"PrincipalSID":"S-1-5-21-2648318136-3688571242-2924127574-512","PrincipalType":"Group","RightName":"GenericWrite","AceType":"","IsInherited":false},{"PrincipalSID":"S-1-5-21-2648318136-3688571242-2924127574-519","PrincipalType":"Group","RightName":"WriteDacl","AceType":"","IsInherited":false},{"PrincipalSID":"S-1-5-21-2648318136-3688571242-2924127574-519","PrincipalType":"Group","RightName":"WriteOwner","AceType":"","IsInherited":false},{"PrincipalSID":"S-1-5-21-2648318136-3688571242-2924127574-519","PrincipalType":"Group","RightName":"GenericWrite","AceType":"","IsInherited":false}]},{"Properties":{"highvalue":false,"name":"$831000-BCI3MP5FNBO5@HTB.LOCAL","domain":"HTB.LOCAL","objectid":"S-1-5-21-2648318136-3688571242-2924127574-1128","distinguishedname":"CN=Exchange Install Domain Servers,CN=Microsoft Exchange System Objects,DC=HTB,DC=LOCAL","description":"This group is used during Exchange setup and is not intended to be used for other purposes.","admincount":false},"Members":[],"ObjectIdentifier":"S-1-5-21-2648318136-3688571242-2924127574-1128","Aces":[{"PrincipalSID":"S-1-5-21-2648318136-3688571242-2924127574-512","PrincipalType":"Group","RightName":"Owner","AceType":"","IsInherited":false},{"PrincipalSID":"HTB.LOCAL-S-1-5-32-548","PrincipalType":"Group","RightName":"GenericAll","AceType":"","IsInherited":false},{"PrincipalSID":"S-1-5-21-2648318136-3688571242-2924127574-512","PrincipalType":"Group","RightName":"GenericAll","AceType":"","IsInherited":false},{"PrincipalSID":"S-1-5-21-2648318136-3688571242-2924127574-1108","PrincipalType":"Unknown","RightName":"GenericAll","AceType":"","IsInherited":false},{"PrincipalSID":"S-1-5-21-2648318136-3688571242-2924127574-1121","PrincipalType":"Unknown","RightName":"WriteProperty","AceType":"AddMember","IsInherited":true},{"PrincipalSID":"S-1-5-21-2648318136-3688571242-2924127574-519","PrincipalType":"Group","RightName":"GenericAll","AceType":"","IsInherited":true},{"PrincipalSID":"HTB.LOCAL-S-1-5-32-544","PrincipalType":"Group","RightName":"WriteDacl","AceType":"","IsInherited":true},{"PrincipalSID":"HTB.LOCAL-S-1-5-32-544","PrincipalType":"Group","RightName":"WriteOwner","AceType":"","IsInherited":true},{"PrincipalSID":"HTB.LOCAL-S-1-5-32-544","PrincipalType":"Group","RightName":"GenericWrite","AceType":"","IsInherited":true}]},{"Properties":{"name":"ENTERPRISE DOMAIN CONTROLLERS@HTB.LOCAL","domain":"HTB.LOCAL"},"Members":[{"MemberId":"S-1-5-21-2648318136-3688571242-2924127574-1001","MemberType":"Computer"}],"ObjectIdentifier":"HTB.LOCAL-S-1-5-9","Aces":[]},{"Properties":{"name":"EVERYONE@HTB.LOCAL"},"Members":[{"MemberId":"S-1-5-21-2648318136-3688571242-2924127574-515","MemberType":"Group"},{"MemberId":"S-1-5-21-2648318136-3688571242-2924127574-513","MemberType":"Group"}],"ObjectIdentifier":"HTB.LOCAL-S-1-1-0","Aces":[]},{"Properties":{"name":"AUTHENTICATED USERS@HTB.LOCAL"},"Members":[{"MemberId":"S-1-5-21-2648318136-3688571242-2924127574-515","MemberType":"Group"},{"MemberId":"S-1-5-21-2648318136-3688571242-2924127574-513","MemberType":"Group"}],"ObjectIdentifier":"HTB.LOCAL-S-1-5-11","Aces":[]},{"Properties":{"name":"USERS@HTB.LOCAL","domain":"HTB.LOCAL"},"Members":[],"ObjectIdentifier":"HTB.LOCAL-S-1-5-32-545","Aces":[]}],"meta":{"count":62,"type":"groups","version":3}}