﻿{"gpos":[{"Properties":{"highvalue":false,"name":"DEFAULT DOMAIN POLICY@HTB.LOCAL","domain":"HTB.LOCAL","objectid":"663CC319-0681-4056-A4DA-ECF2D0B4DD41","distinguishedname":"CN={31B2F340-016D-11D2-945F-00C04FB984F9},CN=Policies,CN=System,DC=HTB,DC=LOCAL","description":null,"gpcpath":"\\\\HTB.LOCAL\\sysvol\\HTB.LOCAL\\Policies\\{31B2F340-016D-11D2-945F-00C04FB984F9}"},"ObjectIdentifier":"663CC319-0681-4056-A4DA-ECF2D0B4DD41","Aces":[{"PrincipalSID":"S-1-5-21-2648318136-3688571242-2924127574-512","PrincipalType":"Group","RightName":"Owner","AceType":"","IsInherited":false},{"PrincipalSID":"S-1-5-21-2648318136-3688571242-2924127574-512","PrincipalType":"Group","RightName":"WriteDacl","AceType":"","IsInherited":false},{"PrincipalSID":"S-1-5-21-2648318136-3688571242-2924127574-512","PrincipalType":"Group","RightName":"WriteOwner","AceType":"","IsInherited":false},{"PrincipalSID":"S-1-5-21-2648318136-3688571242-2924127574-512","PrincipalType":"Group","RightName":"GenericWrite","AceType":"","IsInherited":false},{"PrincipalSID":"S-1-5-21-2648318136-3688571242-2924127574-512","PrincipalType":"Group","RightName":"WriteDacl","AceType":"","IsInherited":false},{"PrincipalSID":"S-1-5-21-2648318136-3688571242-2924127574-512","PrincipalType":"Group","RightName":"WriteOwner","AceType":"","IsInherited":false},{"PrincipalSID":"S-1-5-21-2648318136-3688571242-2924127574-512","PrincipalType":"Group","RightName":"GenericWrite","AceType":"","IsInherited":false},{"PrincipalSID":"S-1-5-21-2648318136-3688571242-2924127574-519","PrincipalType":"Group","RightName":"WriteDacl","AceType":"","IsInherited":false},{"PrincipalSID":"S-1-5-21-2648318136-3688571242-2924127574-519","PrincipalType":"Group","RightName":"WriteOwner","AceType":"","IsInherited":false},{"PrincipalSID":"S-1-5-21-2648318136-3688571242-2924127574-519","PrincipalType":"Group","RightName":"GenericWrite","AceType":"","IsInherited":false}]},{"Properties":{"highvalue":false,"name":"DEFAULT DOMAIN CONTROLLERS POLICY@HTB.LOCAL","domain":"HTB.LOCAL","objectid":"AE782D19-D200-4E2B-8012-65A3E1076FCB","distinguishedname":"CN={6AC1786C-016F-11D2-945F-00C04fB984F9},CN=Policies,CN=System,DC=HTB,DC=LOCAL","description":null,"gpcpath":"\\\\HTB.LOCAL\\sysvol\\HTB.LOCAL\\Policies\\{6AC1786C-016F-11D2-945F-00C04fB984F9}"},"ObjectIdentifier":"AE782D19-D200-4E2B-8012-65A3E1076FCB","Aces":[{"PrincipalSID":"S-1-5-21-2648318136-3688571242-2924127574-512","PrincipalType":"Group","RightName":"Owner","AceType":"","IsInherited":false},{"PrincipalSID":"S-1-5-21-2648318136-3688571242-2924127574-512","PrincipalType":"Group","RightName":"WriteDacl","AceType":"","IsInherited":false},{"PrincipalSID":"S-1-5-21-2648318136-3688571242-2924127574-512","PrincipalType":"Group","RightName":"WriteOwner","AceType":"","IsInherited":false},{"PrincipalSID":"S-1-5-21-2648318136-3688571242-2924127574-512","PrincipalType":"Group","RightName":"GenericWrite","AceType":"","IsInherited":false},{"PrincipalSID":"S-1-5-21-2648318136-3688571242-2924127574-512","PrincipalType":"Group","RightName":"WriteDacl","AceType":"","IsInherited":false},{"PrincipalSID":"S-1-5-21-2648318136-3688571242-2924127574-512","PrincipalType":"Group","RightName":"WriteOwner","AceType":"","IsInherited":false},{"PrincipalSID":"S-1-5-21-2648318136-3688571242-2924127574-512","PrincipalType":"Group","RightName":"GenericWrite","AceType":"","IsInherited":false},{"PrincipalSID":"S-1-5-21-2648318136-3688571242-2924127574-519","PrincipalType":"Group","RightName":"WriteDacl","AceType":"","IsInherited":false},{"PrincipalSID":"S-1-5-21-2648318136-3688571242-2924127574-519","PrincipalType":"Group","RightName":"WriteOwner","AceType":"","IsInherited":false},{"PrincipalSID":"S-1-5-21-2648318136-3688571242-2924127574-519","PrincipalType":"Group","RightName":"GenericWrite","AceType":"","IsInherited":false}]}],"meta":{"count":2,"type":"gpos","version":3}}