﻿{"ous":[{"Properties":{"highvalue":false,"name":"MICROSOFT EXCHANGE SECURITY GROUPS@HTB.LOCAL","domain":"HTB.LOCAL","objectid":"491D233E-F2F0-4129-930B-0C491582489E","distinguishedname":"OU=Microsoft Exchange Security Groups,DC=HTB,DC=LOCAL","description":null,"blocksinheritance":false},"Links":[],"ACLProtected":false,"Users":[],"Computers":[],"ChildOus":[],"RemoteDesktopUsers":[],"LocalAdmins":[],"DcomUsers":[],"PSRemoteUsers":[],"ObjectIdentifier":"491D233E-F2F0-4129-930B-0C491582489E","Aces":[{"PrincipalSID":"S-1-5-21-2648318136-3688571242-2924127574-512","PrincipalType":"Group","RightName":"Owner","AceType":"","IsInherited":false},{"PrincipalSID":"S-1-5-21-2648318136-3688571242-2924127574-512","PrincipalType":"Group","RightName":"GenericAll","AceType":"","IsInherited":false},{"PrincipalSID":"S-1-5-21-2648318136-3688571242-2924127574-1108","PrincipalType":"Unknown","RightName":"GenericAll","AceType":"","IsInherited":false},{"PrincipalSID":"S-1-5-21-2648318136-3688571242-2924127574-519","PrincipalType":"Group","RightName":"GenericAll","AceType":"","IsInherited":true},{"PrincipalSID":"HTB.LOCAL-S-1-5-32-544","PrincipalType":"Group","RightName":"WriteDacl","AceType":"","IsInherited":true},{"PrincipalSID":"HTB.LOCAL-S-1-5-32-544","PrincipalType":"Group","RightName":"WriteOwner","AceType":"","IsInherited":true}]},{"Properties":{"highvalue":false,"name":"DEPARTED USERS@HTB.LOCAL","domain":"HTB.LOCAL","objectid":"C1052427-58B7-49B3-8E52-694D7D576A77","distinguishedname":"OU=Departed Users,DC=HTB,DC=LOCAL","description":null,"blocksinheritance":false},"Links":[],"ACLProtected":false,"Users":["S-1-5-21-2648318136-3688571242-2924127574-1605"],"Computers":[],"ChildOus":[],"RemoteDesktopUsers":[],"LocalAdmins":[],"DcomUsers":[],"PSRemoteUsers":[],"ObjectIdentifier":"C1052427-58B7-49B3-8E52-694D7D576A77","Aces":[{"PrincipalSID":"S-1-5-21-2648318136-3688571242-2924127574-512","PrincipalType":"Group","RightName":"Owner","AceType":"","IsInherited":false},{"PrincipalSID":"S-1-5-21-2648318136-3688571242-2924127574-512","PrincipalType":"Group","RightName":"GenericAll","AceType":"","IsInherited":false},{"PrincipalSID":"S-1-5-21-2648318136-3688571242-2924127574-519","PrincipalType":"Group","RightName":"GenericAll","AceType":"","IsInherited":true},{"PrincipalSID":"HTB.LOCAL-S-1-5-32-544","PrincipalType":"Group","RightName":"WriteDacl","AceType":"","IsInherited":true},{"PrincipalSID":"HTB.LOCAL-S-1-5-32-544","PrincipalType":"Group","RightName":"WriteOwner","AceType":"","IsInherited":true}]},{"Properties":{"highvalue":false,"name":"GROUPS@HTB.LOCAL","domain":"HTB.LOCAL","objectid":"36DD53D2-C3B5-4352-B1C8-C8A770C1B7E6","distinguishedname":"OU=Groups,DC=HTB,DC=LOCAL","description":null,"blocksinheritance":false},"Links":[],"ACLProtected":false,"Users":[],"Computers":[],"ChildOus":[],"RemoteDesktopUsers":[],"LocalAdmins":[],"DcomUsers":[],"PSRemoteUsers":[],"ObjectIdentifier":"36DD53D2-C3B5-4352-B1C8-C8A770C1B7E6","Aces":[{"PrincipalSID":"S-1-5-21-2648318136-3688571242-2924127574-512","PrincipalType":"Group","RightName":"Owner","AceType":"","IsInherited":false},{"PrincipalSID":"S-1-5-21-2648318136-3688571242-2924127574-512","PrincipalType":"Group","RightName":"GenericAll","AceType":"","IsInherited":false},{"PrincipalSID":"S-1-5-21-2648318136-3688571242-2924127574-519","PrincipalType":"Group","RightName":"GenericAll","AceType":"","IsInherited":true},{"PrincipalSID":"HTB.LOCAL-S-1-5-32-544","PrincipalType":"Group","RightName":"WriteDacl","AceType":"","IsInherited":true},{"PrincipalSID":"HTB.LOCAL-S-1-5-32-544","PrincipalType":"Group","RightName":"WriteOwner","AceType":"","IsInherited":true}]},{"Properties":{"highvalue":false,"name":"DOMAIN CONTROLLERS@HTB.LOCAL","domain":"HTB.LOCAL","objectid":"8BBAEF33-C811-44B1-9C53-848F9C61C23F","distinguishedname":"OU=Domain Controllers,DC=HTB,DC=LOCAL","description":"Default container for domain controllers","blocksinheritance":false},"Links":[{"IsEnforced":false,"Guid":"AE782D19-D200-4E2B-8012-65A3E1076FCB"}],"ACLProtected":false,"Users":[],"Computers":["S-1-5-21-2648318136-3688571242-2924127574-1001"],"ChildOus":[],"RemoteDesktopUsers":[],"LocalAdmins":[],"DcomUsers":[],"PSRemoteUsers":[],"ObjectIdentifier":"8BBAEF33-C811-44B1-9C53-848F9C61C23F","Aces":[{"PrincipalSID":"S-1-5-21-2648318136-3688571242-2924127574-512","PrincipalType":"Group","RightName":"Owner","AceType":"","IsInherited":false},{"PrincipalSID":"S-1-5-21-2648318136-3688571242-2924127574-512","PrincipalType":"Group","RightName":"WriteDacl","AceType":"","IsInherited":false},{"PrincipalSID":"S-1-5-21-2648318136-3688571242-2924127574-512","PrincipalType":"Group","RightName":"WriteOwner","AceType":"","IsInherited":false},{"PrincipalSID":"S-1-5-21-2648318136-3688571242-2924127574-519","PrincipalType":"Group","RightName":"GenericAll","AceType":"","IsInherited":true},{"PrincipalSID":"HTB.LOCAL-S-1-5-32-544","PrincipalType":"Group","RightName":"WriteDacl","AceType":"","IsInherited":true},{"PrincipalSID":"HTB.LOCAL-S-1-5-32-544","PrincipalType":"Group","RightName":"WriteOwner","AceType":"","IsInherited":true}]}],"meta":{"count":4,"type":"ous","version":3}}